player,opponent,games_against,wins_against,win_rate_against
A Simple Femgirl,AbSpectre,4,1,0.25
A Simple Femgirl,Car-.-,18,6,0.3333333333333333
A Simple Femgirl,Chow_Mitch,5,2,0.4
A Simple Femgirl,Creig1013,5,2,0.4
A Simple Femgirl,EricTheHispanic,4,1,0.25
A Simple Femgirl,Fastmadcow,4,1,0.25
A Simple Femgirl,Firefi6ht_RL,9,3,0.3333333333333333
A Simple Femgirl,Geo,4,1,0.25
A Simple Femgirl,Groovy,5,2,0.4
A Simple Femgirl,MtnDru,5,2,0.4
A Simple Femgirl,No_Walt,4,1,0.25
A Simple Femgirl,Recktals,5,2,0.4
A Simple Femgirl,"Shuk""!",5,2,0.4
A Simple Femgirl,SpicyShinobi,4,1,0.25
A Simple Femgirl,Tylanz,9,3,0.3333333333333333
A Simple Femgirl,Yoky,19,7,0.3684210526315789
A Simple Femgirl,bro.ro711,9,3,0.3333333333333333
A Simple Femgirl,dray (learning controller,5,2,0.4
AbSpectre,A Simple Femgirl,4,3,0.75
AbSpectre,Ay_Ant,4,1,0.25
AbSpectre,Beanzs2K,13,6,0.46153846153846156
AbSpectre,Boydardi,8,6,0.75
AbSpectre,CoolNerdGames,7,4,0.5714285714285714
AbSpectre,EricTheHispanic,3,0,0.0
AbSpectre,Firefi6ht_RL,9,3,0.3333333333333333
AbSpectre,FriendlyFennec,4,1,0.25
AbSpectre,FuzzoL,4,3,0.75
AbSpectre,Groovy,4,1,0.25
AbSpectre,Memento Mori217,4,1,0.25
AbSpectre,NMTotra,3,3,1.0
AbSpectre,OGYeet_,3,0,0.0
AbSpectre,RequitedZeus,4,3,0.75
AbSpectre,Ryan,3,0,0.0
AbSpectre,SCATHEW XD,8,6,0.75
AbSpectre,"Shuk""!",9,3,0.3333333333333333
AbSpectre,Slik,3,3,1.0
AbSpectre,SpicyShinobi,8,4,0.5
AbSpectre,Suduko,4,1,0.25
AbSpectre,TheRealDunion,4,1,0.25
AbSpectre,Yoky,7,4,0.5714285714285714
AbSpectre,bro.ro711,3,3,1.0
AbSpectre,enzo,3,3,1.0
AiRblock8,"Shuk""!",5,3,0.6
AiRblock8,Ziyor,5,3,0.6
AiRblock8,bro.ro711,5,3,0.6
Alpha_762,Ay_Ant,8,6,0.75
Alpha_762,Beanzs2K,3,0,0.0
Alpha_762,CoolNerdGames,10,9,0.9
Alpha_762,Firefi6ht_RL,7,1,0.14285714285714285
Alpha_762,FriendlyFennec,13,7,0.5384615384615384
Alpha_762,MerculesMilenial,3,3,1.0
Alpha_762,NMTotra,12,6,0.5
Alpha_762,OGYeet_,5,3,0.6
Alpha_762,Preet,3,3,1.0
Alpha_762,Recktals,6,0,0.0
Alpha_762,Ryan,8,4,0.5
Alpha_762,SpicyShinobi,5,3,0.6
Alpha_762,Suduko,4,3,0.75
Alpha_762,TheRealDunion,5,3,0.6
Alpha_762,TheRyan.,4,3,0.75
Alpha_762,bro.ro711,7,3,0.42857142857142855
Alpha_762,chewy_chungus69,13,9,0.6923076923076923
Alpha_762,enzo,7,3,0.42857142857142855
Alpha_762,faBBenWh  y,13,9,0.6923076923076923
Alpha_762,qFoal,4,3,0.75
Alpha_762,ski11acam,4,3,0.75
Alpha_762,tjdubya21,18,9,0.5
Ascended!,Bloom,11,5,0.45454545454545453
Ascended!,Boydardi,8,6,0.75
Ascended!,Car-.-,15,8,0.5333333333333333
Ascended!,Cimino,4,1,0.25
Ascended!,DeltaJRomeo_,3,3,1.0
Ascended!,FBISSsosa,4,3,0.75
Ascended!,FuzzoL,5,2,0.4
Ascended!,Geo,5,2,0.4
Ascended!,Goose,31,21,0.6774193548387096
Ascended!,Groovy,3,3,1.0
Ascended!,JCISK,22,10,0.45454545454545453
Ascended!,Kyle$,8,6,0.75
Ascended!,Maples,16,5,0.3125
Ascended!,MtnDru,7,6,0.8571428571428571
Ascended!,Nem,11,7,0.6363636363636364
Ascended!,TSabin.,23,13,0.5652173913043478
Ascended!,Trickter02,5,2,0.4
Ascended!,Yoky,10,5,0.5
Ascended!,bass!,1,0,0.0
Ascended!,brokeboy,1,1,1.0
Ascended!,ko!,12,6,0.5
Ascended!,nIMBUSXNZ^^,26,12,0.46153846153846156
Ascended!,shack house,27,14,0.5185185185185185
Ascended!,sly,12,9,0.75
Ascended!,xMoNsTeRMaRiO,8,2,0.25
Ay_Ant,AbSpectre,4,3,0.75
Ay_Ant,Alpha_762,8,2,0.25
Ay_Ant,Beanzs2K,12,5,0.4166666666666667
Ay_Ant,Captain Wolfer,9,3,0.3333333333333333
Ay_Ant,Chow_Mitch,4,3,0.75
Ay_Ant,CoolNerdGames,6,6,1.0
Ay_Ant,Deciding,27,15,0.5555555555555556
Ay_Ant,Eclipsed Frog,9,3,0.3333333333333333
Ay_Ant,EricTheHispanic,3,0,0.0
Ay_Ant,Firefi6ht_RL,11,5,0.45454545454545453
Ay_Ant,FriendlyFennec,19,11,0.5789473684210527
Ay_Ant,Germ.,4,3,0.75
Ay_Ant,Hedmarkers,6,6,1.0
Ay_Ant,Memento Mori217,3,3,1.0
Ay_Ant,MerculesMilenial,9,5,0.5555555555555556
Ay_Ant,NMTotra,3,3,1.0
Ay_Ant,OGYeet_,6,0,0.0
Ay_Ant,Preet,12,6,0.5
Ay_Ant,Recktals,4,1,0.25
Ay_Ant,RequitedZeus,8,6,0.75
Ay_Ant,Ryan,12,4,0.3333333333333333
Ay_Ant,"Shuk""!",5,2,0.4
Ay_Ant,Slik,3,3,1.0
Ay_Ant,SpicyShinobi,4,3,0.75
Ay_Ant,Suduko,5,2,0.4
Ay_Ant,TheRealDunion,5,2,0.4
Ay_Ant,TweakingOut,5,2,0.4
Ay_Ant,bro.ro711,3,3,1.0
Ay_Ant,chewy_chungus69,11,5,0.45454545454545453
Ay_Ant,enzo,9,3,0.3333333333333333
Ay_Ant,faBBenWh  y,5,2,0.4
Ay_Ant,qFoal,4,1,0.25
Ay_Ant,tjdubya21,32,8,0.25
Beanzs2K,AbSpectre,13,7,0.5384615384615384
Beanzs2K,Alpha_762,3,3,1.0
Beanzs2K,Ay_Ant,12,7,0.5833333333333334
Beanzs2K,CoolNerdGames,5,3,0.6
Beanzs2K,Deciding,4,3,0.75
Beanzs2K,Eclipsed Frog,13,4,0.3076923076923077
Beanzs2K,FriendlyFennec,23,14,0.6086956521739131
Beanzs2K,Infantryboyz09,3,3,1.0
Beanzs2K,Memento Mori217,5,3,0.6
Beanzs2K,NMTotra,10,6,0.6
Beanzs2K,RequitedZeus,9,6,0.6666666666666666
Beanzs2K,Ryan,4,1,0.25
Beanzs2K,SCATHEW XD,5,3,0.6
Beanzs2K,TheRealDunion,8,6,0.75
Beanzs2K,TheRyan.,4,3,0.75
Beanzs2K,qFoal,4,3,0.75
Beanzs2K,ski11acam,7,6,0.8571428571428571
Beanzs2K,tjdubya21,9,3,0.3333333333333333
Bloom,Ascended!,11,6,0.5454545454545454
Bloom,Car-.-,4,1,0.25
Bloom,Faith,8,4,0.5
Bloom,Geo,5,3,0.6
Bloom,ItsDaaes,8,6,0.75
Bloom,Trickter02,5,3,0.6
Bloom,Yoky,3,3,1.0
Bloom,Ziyor,3,3,1.0
Bloom,bass!,12,9,0.75
Bloom,brokeboy,3,0,0.0
Bloom,ko!,13,9,0.6923076923076923
Bloom,nIMBUSXNZ^^,17,9,0.5294117647058824
Bloom,shack house,4,1,0.25
Bluegy,CoolNerdGames,4,3,0.75
Bluegy,Fastmadcow,3,0,0.0
Bluegy,Geo,3,0,0.0
Bluegy,RyanZeBlock,10,3,0.3
Bluegy,"Shuk""!",8,6,0.75
Bluegy,Siem,8,6,0.75
Bluegy,enjay,6,0,0.0
Boydardi,AbSpectre,8,2,0.25
Boydardi,Ascended!,8,2,0.25
Boydardi,Captain Wolfer,5,2,0.4
Boydardi,Car-.-,9,3,0.3333333333333333
Boydardi,CoolNerdGames,4,3,0.75
Boydardi,DeltaJRomeo_,4,1,0.25
Boydardi,Eclipsed Frog,8,4,0.5
Boydardi,FBISSsosa,18,3,0.16666666666666666
Boydardi,Fastmadcow,22,8,0.36363636363636365
Boydardi,Geo,8,2,0.25
Boydardi,Germ.,4,3,0.75
Boydardi,Goose,4,1,0.25
Boydardi,IceCreamBev,1,0,0.0
Boydardi,ItsDaaes,19,8,0.42105263157894735
Boydardi,Kyle$,4,1,0.25
Boydardi,Maples,15,6,0.4
Boydardi,Mateo,5,3,0.6
Boydardi,MtnDru,3,3,1.0
Boydardi,RyanZeBlock,8,2,0.25
Boydardi,"Shuk""!",26,12,0.46153846153846156
Boydardi,Siem,11,4,0.36363636363636365
Boydardi,Suduko,3,0,0.0
Boydardi,TSabin.,4,1,0.25
Boydardi,Tylanz,9,3,0.3333333333333333
Boydardi,brokeboy,6,4,0.6666666666666666
Boydardi,enjay,4,1,0.25
Boydardi,enzo,4,1,0.25
Boydardi,ko!,4,1,0.25
Boydardi,nIMBUSXNZ^^,21,9,0.42857142857142855
Boydardi,shack house,14,10,0.7142857142857143
Boydardi,sly,8,6,0.75
Boydardi,zoarnyrl,11,2,0.18181818181818182
Captain Wolfer,Ay_Ant,9,6,0.6666666666666666
Captain Wolfer,Boydardi,5,3,0.6
Captain Wolfer,CoolNerdGames,8,2,0.25
Captain Wolfer,Eclipsed Frog,8,6,0.75
Captain Wolfer,EricTheHispanic,9,5,0.5555555555555556
Captain Wolfer,Fastmadcow,5,3,0.6
Captain Wolfer,Firefi6ht_RL,40,24,0.6
Captain Wolfer,FriendlyFennec,16,11,0.6875
Captain Wolfer,Hedmarkers,4,3,0.75
Captain Wolfer,Infantryboyz09,4,3,0.75
Captain Wolfer,Memento Mori217,3,3,1.0
Captain Wolfer,NMTotra,6,6,1.0
Captain Wolfer,No_Walt,5,2,0.4
Captain Wolfer,OGYeet_,3,3,1.0
Captain Wolfer,Preet,8,4,0.5
Captain Wolfer,Ryan,9,6,0.6666666666666666
Captain Wolfer,"Shuk""!",8,3,0.375
Captain Wolfer,Slik,4,1,0.25
Captain Wolfer,SpicyShinobi,16,11,0.6875
Captain Wolfer,TheRealDunion,3,0,0.0
Captain Wolfer,TweakingOut,3,3,1.0
Captain Wolfer,bro.ro711,5,2,0.4
Captain Wolfer,chewy_chungus69,16,10,0.625
Captain Wolfer,enzo,15,7,0.4666666666666667
Captain Wolfer,faBBenWh  y,4,3,0.75
Captain Wolfer,ski11acam,4,3,0.75
Captain Wolfer,tjdubya21,5,2,0.4
Car-.-,A Simple Femgirl,18,12,0.6666666666666666
Car-.-,Ascended!,15,7,0.4666666666666667
Car-.-,Bloom,4,3,0.75
Car-.-,Boydardi,9,6,0.6666666666666666
Car-.-,Chow_Mitch,4,3,0.75
Car-.-,CoolNerdGames,9,6,0.6666666666666666
Car-.-,Creig1013,4,3,0.75
Car-.-,EricTheHispanic,5,3,0.6
Car-.-,FBISSsosa,12,6,0.5
Car-.-,Faith,8,3,0.375
Car-.-,Firefi6ht_RL,4,1,0.25
Car-.-,FuzzoL,4,3,0.75
Car-.-,Goose,9,6,0.6666666666666666
Car-.-,ItsDaaes,4,3,0.75
Car-.-,JCISK,3,3,1.0
Car-.-,Maples,7,1,0.14285714285714285
Car-.-,Mateo,13,6,0.46153846153846156
Car-.-,MtnDru,10,5,0.5
Car-.-,Nem,3,0,0.0
Car-.-,SCATHEW XD,13,8,0.6153846153846154
Car-.-,"Shuk""!",8,4,0.5
Car-.-,Siem,5,3,0.6
Car-.-,Tylanz,9,6,0.6666666666666666
Car-.-,Yoky,5,3,0.6
Car-.-,Ziyor,3,3,1.0
Car-.-,bass!,15,9,0.6
Car-.-,brokeboy,5,3,0.6
Car-.-,dray (learning controller,4,3,0.75
Car-.-,enzo,5,2,0.4
Car-.-,ko!,15,12,0.8
Car-.-,nIMBUSXNZ^^,5,3,0.6
Car-.-,shack house,20,10,0.5
Car-.-,sly,5,3,0.6
Car-.-,zoarnyrl,8,4,0.5
Chow_Mitch,A Simple Femgirl,5,3,0.6
Chow_Mitch,Ay_Ant,4,1,0.25
Chow_Mitch,Car-.-,4,1,0.25
Chow_Mitch,EricTheHispanic,4,1,0.25
Chow_Mitch,Fastmadcow,13,5,0.38461538461538464
Chow_Mitch,Firefi6ht_RL,14,2,0.14285714285714285
Chow_Mitch,Geo,4,3,0.75
Chow_Mitch,Germ.,4,3,0.75
Chow_Mitch,MtnDru,14,2,0.14285714285714285
Chow_Mitch,SpicyShinobi,18,3,0.16666666666666666
Chow_Mitch,bro.ro711,9,4,0.4444444444444444
Chow_Mitch,dray (learning controller,8,4,0.5
Chow_Mitch,tjdubya21,4,1,0.25
Cimino,Ascended!,4,3,0.75
Cimino,Fastmadcow,3,3,1.0
Cimino,Goose,4,3,0.75
Cimino,Mateo,3,0,0.0
Cimino,TSabin.,3,0,0.0
Cimino,ko!,3,3,1.0
Cimino,shack house,7,6,0.8571428571428571
Cimino,sly,3,0,0.0
CoolNerdGames,AbSpectre,7,3,0.42857142857142855
CoolNerdGames,Alpha_762,10,1,0.1
CoolNerdGames,Ay_Ant,6,0,0.0
CoolNerdGames,Beanzs2K,5,2,0.4
CoolNerdGames,Bluegy,4,1,0.25
CoolNerdGames,Boydardi,4,1,0.25
CoolNerdGames,Captain Wolfer,8,6,0.75
CoolNerdGames,Car-.-,9,3,0.3333333333333333
CoolNerdGames,Creig1013,4,3,0.75
CoolNerdGames,Deciding,3,3,1.0
CoolNerdGames,EricTheHispanic,18,8,0.4444444444444444
CoolNerdGames,Firefi6ht_RL,56,22,0.39285714285714285
CoolNerdGames,FriendlyFennec,11,6,0.5454545454545454
CoolNerdGames,Groovy,9,3,0.3333333333333333
CoolNerdGames,Hedmarkers,3,0,0.0
CoolNerdGames,Memento Mori217,3,3,1.0
CoolNerdGames,MerculesMilenial,3,3,1.0
CoolNerdGames,NMTotra,6,3,0.5
CoolNerdGames,No_Walt,9,4,0.4444444444444444
CoolNerdGames,OGYeet_,3,3,1.0
CoolNerdGames,Recktals,4,1,0.25
CoolNerdGames,Ryan,13,7,0.5384615384615384
CoolNerdGames,RyanZeBlock,9,4,0.4444444444444444
CoolNerdGames,SCATHEW XD,14,9,0.6428571428571429
CoolNerdGames,"Shuk""!",52,24,0.46153846153846156
CoolNerdGames,SpicyShinobi,18,6,0.3333333333333333
CoolNerdGames,Tylanz,5,2,0.4
CoolNerdGames,Yoky,17,5,0.29411764705882354
CoolNerdGames,Ziyor,5,3,0.6
CoolNerdGames,bro.ro711,8,3,0.375
CoolNerdGames,chewy_chungus69,3,3,1.0
CoolNerdGames,dray (learning controller,9,6,0.6666666666666666
CoolNerdGames,enzo,23,9,0.391304347826087
CoolNerdGames,tjdubya21,4,1,0.25
CoolNerdGames,zoarnyrl,4,1,0.25
Creig1013,A Simple Femgirl,5,3,0.6
Creig1013,Car-.-,4,1,0.25
Creig1013,CoolNerdGames,4,1,0.25
Creig1013,Deciding,3,3,1.0
Creig1013,EricTheHispanic,5,3,0.6
Creig1013,Fastmadcow,4,1,0.25
Creig1013,Firefi6ht_RL,4,1,0.25
Creig1013,Hedmarkers,3,3,1.0
Creig1013,Preet,3,3,1.0
Creig1013,"Shuk""!",4,1,0.25
Creig1013,bro.ro711,4,1,0.25
Creig1013,brokeboy,5,3,0.6
Deciding,Ay_Ant,27,12,0.4444444444444444
Deciding,Beanzs2K,4,1,0.25
Deciding,CoolNerdGames,3,0,0.0
Deciding,Creig1013,3,0,0.0
Deciding,Eclipsed Frog,3,3,1.0
Deciding,EricTheHispanic,3,0,0.0
Deciding,FriendlyFennec,12,7,0.5833333333333334
Deciding,Hedmarkers,3,0,0.0
Deciding,Infantryboyz09,8,6,0.75
Deciding,Memento Mori217,9,4,0.4444444444444444
Deciding,NMTotra,3,3,1.0
Deciding,OGYeet_,7,3,0.42857142857142855
Deciding,Preet,16,7,0.4375
Deciding,Recktals,3,0,0.0
Deciding,Ryan,3,0,0.0
Deciding,Slik,3,0,0.0
Deciding,SpicyShinobi,4,1,0.25
Deciding,TheRealDunion,7,4,0.5714285714285714
Deciding,TweakingOut,3,3,1.0
Deciding,chewy_chungus69,21,11,0.5238095238095238
Deciding,enzo,3,0,0.0
Deciding,qFoal,17,7,0.4117647058823529
Deciding,ski11acam,3,0,0.0
DeltaJRomeo_,Ascended!,3,0,0.0
DeltaJRomeo_,Boydardi,4,3,0.75
DeltaJRomeo_,FBISSsosa,8,2,0.25
DeltaJRomeo_,Faith,4,3,0.75
DeltaJRomeo_,Goose,9,3,0.3333333333333333
DeltaJRomeo_,Mateo,12,6,0.5
DeltaJRomeo_,Siem,4,1,0.25
DeltaJRomeo_,shack house,10,5,0.5
DeltaJRomeo_,sly,9,6,0.6666666666666666
DeltaJRomeo_,x0ffe,4,1,0.25
DeltaJRomeo_,xMoNsTeRMaRiO,8,6,0.75
Eclipsed Frog,Ay_Ant,9,6,0.6666666666666666
Eclipsed Frog,Beanzs2K,13,9,0.6923076923076923
Eclipsed Frog,Boydardi,8,4,0.5
Eclipsed Frog,Captain Wolfer,8,2,0.25
Eclipsed Frog,Deciding,3,0,0.0
Eclipsed Frog,Fastmadcow,4,1,0.25
Eclipsed Frog,Firefi6ht_RL,14,7,0.5
Eclipsed Frog,FriendlyFennec,12,8,0.6666666666666666
Eclipsed Frog,FuzzoL,4,3,0.75
Eclipsed Frog,Memento Mori217,3,3,1.0
Eclipsed Frog,OGYeet_,8,3,0.375
Eclipsed Frog,Recktals,4,1,0.25
Eclipsed Frog,RequitedZeus,4,3,0.75
Eclipsed Frog,RyanZeBlock,5,2,0.4
Eclipsed Frog,SCATHEW XD,14,9,0.6428571428571429
Eclipsed Frog,"Shuk""!",19,9,0.47368421052631576
Eclipsed Frog,SpicyShinobi,17,11,0.6470588235294118
Eclipsed Frog,chewy_chungus69,8,3,0.375
Eclipsed Frog,enjay,4,1,0.25
Eclipsed Frog,enzo,13,5,0.38461538461538464
Eclipsed Frog,tjdubya21,3,0,0.0
EricTheHispanic,A Simple Femgirl,4,3,0.75
EricTheHispanic,AbSpectre,3,3,1.0
EricTheHispanic,Ay_Ant,3,3,1.0
EricTheHispanic,Captain Wolfer,9,4,0.4444444444444444
EricTheHispanic,Car-.-,5,2,0.4
EricTheHispanic,Chow_Mitch,4,3,0.75
EricTheHispanic,CoolNerdGames,18,10,0.5555555555555556
EricTheHispanic,Creig1013,5,2,0.4
EricTheHispanic,Deciding,3,3,1.0
EricTheHispanic,Firefi6ht_RL,34,13,0.38235294117647056
EricTheHispanic,FriendlyFennec,5,3,0.6
EricTheHispanic,Groovy,7,1,0.14285714285714285
EricTheHispanic,MtnDru,14,2,0.14285714285714285
EricTheHispanic,NMTotra,8,6,0.75
EricTheHispanic,OGYeet_,3,3,1.0
EricTheHispanic,Recktals,15,8,0.5333333333333333
EricTheHispanic,Ryan,13,9,0.6923076923076923
EricTheHispanic,"Shuk""!",17,8,0.47058823529411764
EricTheHispanic,SpicyShinobi,17,2,0.11764705882352941
EricTheHispanic,Suduko,4,1,0.25
EricTheHispanic,TheRealDunion,9,4,0.4444444444444444
EricTheHispanic,Yoky,7,1,0.14285714285714285
EricTheHispanic,enjay,4,3,0.75
EricTheHispanic,enzo,15,9,0.6
EricTheHispanic,faBBenWh  y,5,3,0.6
EricTheHispanic,qFoal,4,3,0.75
EricTheHispanic,ski11acam,4,3,0.75
EricTheHispanic,tjdubya21,4,1,0.25
EricTheHispanic,zoarnyrl,12,7,0.5833333333333334
FBISSsosa,Ascended!,4,1,0.25
FBISSsosa,Boydardi,18,15,0.8333333333333334
FBISSsosa,Car-.-,12,6,0.5
FBISSsosa,DeltaJRomeo_,8,6,0.75
FBISSsosa,Faith,3,3,1.0
FBISSsosa,Fastmadcow,7,6,0.8571428571428571
FBISSsosa,Goose,28,18,0.6428571428571429
FBISSsosa,JCISK,4,3,0.75
FBISSsosa,Kyle$,9,6,0.6666666666666666
FBISSsosa,Maples,15,7,0.4666666666666667
FBISSsosa,Mateo,8,2,0.25
FBISSsosa,Nem,5,3,0.6
FBISSsosa,TSabin.,16,8,0.5
FBISSsosa,Tylanz,5,3,0.6
FBISSsosa,Yoky,5,3,0.6
FBISSsosa,bass!,4,3,0.75
FBISSsosa,brokeboy,6,4,0.6666666666666666
FBISSsosa,ko!,3,3,1.0
FBISSsosa,nIMBUSXNZ^^,28,18,0.6428571428571429
FBISSsosa,shack house,18,11,0.6111111111111112
FBISSsosa,sly,3,0,0.0
FBISSsosa,zoarnyrl,10,9,0.9
Faith,Bloom,8,4,0.5
Faith,Car-.-,8,5,0.625
Faith,DeltaJRomeo_,4,1,0.25
Faith,FBISSsosa,3,0,0.0
Faith,Fastmadcow,3,0,0.0
Faith,Goose,15,9,0.6
Faith,Kyle$,4,1,0.25
Faith,Maples,4,1,0.25
Faith,Mateo,4,3,0.75
Faith,Nem,4,1,0.25
Faith,RyanZeBlock,3,0,0.0
Faith,Siem,4,1,0.25
Faith,TSabin.,5,2,0.4
Faith,Ziyor,3,3,1.0
Faith,bass!,10,6,0.6
Faith,ko!,13,6,0.46153846153846156
Faith,nIMBUSXNZ^^,15,11,0.7333333333333333
Faith,sly,4,1,0.25
Faith,xMoNsTeRMaRiO,4,3,0.75
Fastmadcow,A Simple Femgirl,4,3,0.75
Fastmadcow,Bluegy,3,3,1.0
Fastmadcow,Boydardi,22,14,0.6363636363636364
Fastmadcow,Captain Wolfer,5,2,0.4
Fastmadcow,Chow_Mitch,13,8,0.6153846153846154
Fastmadcow,Cimino,3,0,0.0
Fastmadcow,Creig1013,4,3,0.75
Fastmadcow,Eclipsed Frog,4,3,0.75
Fastmadcow,FBISSsosa,7,1,0.14285714285714285
Fastmadcow,Faith,3,3,1.0
Fastmadcow,Firefi6ht_RL,4,3,0.75
Fastmadcow,Geo,7,3,0.42857142857142855
Fastmadcow,Germ.,8,6,0.75
Fastmadcow,ItsDaaes,4,1,0.25
Fastmadcow,MtnDru,16,4,0.25
Fastmadcow,RyanZeBlock,12,5,0.4166666666666667
Fastmadcow,SCATHEW XD,5,2,0.4
Fastmadcow,"Shuk""!",20,14,0.7
Fastmadcow,Siem,7,6,0.8571428571428571
Fastmadcow,Tylanz,8,2,0.25
Fastmadcow,Yoky,5,2,0.4
Fastmadcow,dray (learning controller,9,5,0.5555555555555556
Fastmadcow,enjay,7,3,0.42857142857142855
Fastmadcow,enzo,5,2,0.4
Fastmadcow,nIMBUSXNZ^^,11,7,0.6363636363636364
Fastmadcow,x0ffe,4,3,0.75
Fastmadcow,zoarnyrl,10,9,0.9
Firefi6ht_RL,A Simple Femgirl,9,6,0.6666666666666666
Firefi6ht_RL,AbSpectre,9,6,0.6666666666666666
Firefi6ht_RL,Alpha_762,7,6,0.8571428571428571
Firefi6ht_RL,Ay_Ant,11,6,0.5454545454545454
Firefi6ht_RL,Captain Wolfer,40,16,0.4
Firefi6ht_RL,Car-.-,4,3,0.75
Firefi6ht_RL,Chow_Mitch,14,12,0.8571428571428571
Firefi6ht_RL,CoolNerdGames,56,34,0.6071428571428571
Firefi6ht_RL,Creig1013,4,3,0.75
Firefi6ht_RL,Eclipsed Frog,14,7,0.5
Firefi6ht_RL,EricTheHispanic,34,21,0.6176470588235294
Firefi6ht_RL,Fastmadcow,4,1,0.25
Firefi6ht_RL,FriendlyFennec,14,9,0.6428571428571429
Firefi6ht_RL,Groovy,4,1,0.25
Firefi6ht_RL,Infantryboyz09,3,0,0.0
Firefi6ht_RL,Memento Mori217,10,5,0.5
Firefi6ht_RL,MtnDru,9,5,0.5555555555555556
Firefi6ht_RL,NMTotra,11,9,0.8181818181818182
Firefi6ht_RL,Preet,8,5,0.625
Firefi6ht_RL,Recktals,41,19,0.4634146341463415
Firefi6ht_RL,Ryan,20,13,0.65
Firefi6ht_RL,RyanZeBlock,4,1,0.25
Firefi6ht_RL,SCATHEW XD,9,6,0.6666666666666666
Firefi6ht_RL,"Shuk""!",25,13,0.52
Firefi6ht_RL,Slik,3,0,0.0
Firefi6ht_RL,SpicyShinobi,4,1,0.25
Firefi6ht_RL,Suduko,23,13,0.5652173913043478
Firefi6ht_RL,TheRealDunion,12,3,0.25
Firefi6ht_RL,Yoky,20,9,0.45
Firefi6ht_RL,bro.ro711,20,11,0.55
Firefi6ht_RL,chewy_chungus69,27,19,0.7037037037037037
Firefi6ht_RL,chiped.potato,8,6,0.75
Firefi6ht_RL,enjay,4,3,0.75
Firefi6ht_RL,enzo,58,29,0.5
Firefi6ht_RL,faBBenWh  y,15,12,0.8
Firefi6ht_RL,qFoal,4,1,0.25
Firefi6ht_RL,tjdubya21,34,16,0.47058823529411764
Firefi6ht_RL,zoarnyrl,4,3,0.75
FriendlyFennec,AbSpectre,4,3,0.75
FriendlyFennec,Alpha_762,13,6,0.46153846153846156
FriendlyFennec,Ay_Ant,19,8,0.42105263157894735
FriendlyFennec,Beanzs2K,23,9,0.391304347826087
FriendlyFennec,Captain Wolfer,16,5,0.3125
FriendlyFennec,CoolNerdGames,11,5,0.45454545454545453
FriendlyFennec,Deciding,12,5,0.4166666666666667
FriendlyFennec,Eclipsed Frog,12,4,0.3333333333333333
FriendlyFennec,EricTheHispanic,5,2,0.4
FriendlyFennec,Firefi6ht_RL,14,5,0.35714285714285715
FriendlyFennec,Hedmarkers,6,3,0.5
FriendlyFennec,Infantryboyz09,3,3,1.0
FriendlyFennec,MerculesMilenial,5,2,0.4
FriendlyFennec,NMTotra,3,0,0.0
FriendlyFennec,No_Walt,5,2,0.4
FriendlyFennec,OGYeet_,21,8,0.38095238095238093
FriendlyFennec,Preet,24,11,0.4583333333333333
FriendlyFennec,Recktals,6,0,0.0
FriendlyFennec,Ryan,4,1,0.25
FriendlyFennec,Slik,7,1,0.14285714285714285
FriendlyFennec,SpicyShinobi,5,3,0.6
FriendlyFennec,TheRealDunion,10,4,0.4
FriendlyFennec,TweakingOut,5,2,0.4
FriendlyFennec,chewy_chungus69,25,11,0.44
FriendlyFennec,enzo,19,5,0.2631578947368421
FriendlyFennec,faBBenWh  y,8,2,0.25
FriendlyFennec,qFoal,9,3,0.3333333333333333
FriendlyFennec,ski11acam,11,6,0.5454545454545454
FriendlyFennec,tjdubya21,37,13,0.35135135135135137
FuzzoL,AbSpectre,4,1,0.25
FuzzoL,Ascended!,5,3,0.6
FuzzoL,Car-.-,4,1,0.25
FuzzoL,Eclipsed Frog,4,1,0.25
FuzzoL,Goose,5,3,0.6
FuzzoL,Mateo,5,3,0.6
FuzzoL,"Shuk""!",4,1,0.25
FuzzoL,Siem,4,1,0.25
FuzzoL,zoarnyrl,4,1,0.25
Geo,A Simple Femgirl,4,3,0.75
Geo,Ascended!,5,3,0.6
Geo,Bloom,5,2,0.4
Geo,Bluegy,3,3,1.0
Geo,Boydardi,8,6,0.75
Geo,Chow_Mitch,4,1,0.25
Geo,Fastmadcow,7,4,0.5714285714285714
Geo,JCISK,10,5,0.5
Geo,SCATHEW XD,4,3,0.75
Geo,"Shuk""!",4,3,0.75
Geo,Siem,3,3,1.0
Geo,Suduko,4,1,0.25
Geo,Trickter02,3,0,0.0
Geo,ko!,3,0,0.0
Geo,nIMBUSXNZ^^,5,3,0.6
Geo,shack house,8,2,0.25
Geo,x0ffe,4,3,0.75
Germ.,Ay_Ant,4,1,0.25
Germ.,Boydardi,4,1,0.25
Germ.,Chow_Mitch,4,1,0.25
Germ.,Fastmadcow,8,2,0.25
Germ.,No_Walt,5,3,0.6
Germ.,SCATHEW XD,4,3,0.75
Germ.,"Shuk""!",9,6,0.6666666666666666
Germ.,Suduko,4,1,0.25
Germ.,dray (learning controller,13,7,0.5384615384615384
Germ.,enjay,4,1,0.25
Germ.,tjdubya21,4,1,0.25
Goose,Ascended!,31,10,0.3225806451612903
Goose,Boydardi,4,3,0.75
Goose,Car-.-,9,3,0.3333333333333333
Goose,Cimino,4,1,0.25
Goose,DeltaJRomeo_,9,6,0.6666666666666666
Goose,FBISSsosa,28,10,0.35714285714285715
Goose,Faith,15,6,0.4
Goose,FuzzoL,5,2,0.4
Goose,Groovy,4,3,0.75
Goose,JCISK,19,7,0.3684210526315789
Goose,Kyle$,9,6,0.6666666666666666
Goose,Maples,18,10,0.5555555555555556
Goose,Mateo,21,7,0.3333333333333333
Goose,MtnDru,12,7,0.5833333333333334
Goose,Nem,9,6,0.6666666666666666
Goose,TSabin.,10,4,0.4
Goose,bass!,33,17,0.5151515151515151
Goose,brokeboy,10,7,0.7
Goose,ko!,19,8,0.42105263157894735
Goose,nIMBUSXNZ^^,22,10,0.45454545454545453
Goose,shack house,56,27,0.48214285714285715
Goose,sly,14,9,0.6428571428571429
Goose,xMoNsTeRMaRiO,3,0,0.0
Groovy,A Simple Femgirl,5,3,0.6
Groovy,AbSpectre,4,3,0.75
Groovy,Ascended!,3,0,0.0
Groovy,CoolNerdGames,9,6,0.6666666666666666
Groovy,EricTheHispanic,7,6,0.8571428571428571
Groovy,Firefi6ht_RL,4,3,0.75
Groovy,Goose,4,1,0.25
Groovy,Kyle$,4,1,0.25
Groovy,Nem,4,1,0.25
Groovy,Recktals,5,3,0.6
Groovy,Trickter02,3,0,0.0
Groovy,Yoky,3,3,1.0
Groovy,brokeboy,6,0,0.0
Groovy,enzo,11,9,0.8181818181818182
Groovy,nIMBUSXNZ^^,7,1,0.14285714285714285
Groovy,shack house,4,1,0.25
Groovy,sly,4,1,0.25
Hedmarkers,Ay_Ant,6,0,0.0
Hedmarkers,Captain Wolfer,4,1,0.25
Hedmarkers,CoolNerdGames,3,3,1.0
Hedmarkers,Creig1013,3,0,0.0
Hedmarkers,Deciding,3,3,1.0
Hedmarkers,FriendlyFennec,6,3,0.5
Hedmarkers,Preet,8,2,0.25
Hedmarkers,"Shuk""!",3,0,0.0
Hedmarkers,Slik,3,0,0.0
Hedmarkers,chewy_chungus69,12,3,0.25
Hedmarkers,qFoal,12,3,0.25
IceCreamBev,Boydardi,1,1,1.0
IceCreamBev,ko!,1,1,1.0
IceCreamBev,sly,1,1,1.0
Infantryboyz09,Beanzs2K,3,0,0.0
Infantryboyz09,Captain Wolfer,4,1,0.25
Infantryboyz09,Deciding,8,2,0.25
Infantryboyz09,Firefi6ht_RL,3,3,1.0
Infantryboyz09,FriendlyFennec,3,0,0.0
Infantryboyz09,NMTotra,5,2,0.4
Infantryboyz09,Orange,5,2,0.4
Infantryboyz09,RequitedZeus,5,2,0.4
Infantryboyz09,Slik,3,0,0.0
Infantryboyz09,Suduko,3,3,1.0
Infantryboyz09,TweakingOut,5,2,0.4
Infantryboyz09,chewy_chungus69,3,0,0.0
Infantryboyz09,enzo,7,4,0.5714285714285714
Infantryboyz09,qFoal,16,4,0.25
Infantryboyz09,tjdubya21,20,5,0.25
ItsDaaes,Bloom,8,2,0.25
ItsDaaes,Boydardi,19,11,0.5789473684210527
ItsDaaes,Car-.-,4,1,0.25
ItsDaaes,Fastmadcow,4,3,0.75
ItsDaaes,JCISK,4,3,0.75
ItsDaaes,Maples,8,2,0.25
ItsDaaes,MtnDru,8,2,0.25
ItsDaaes,Trickter02,3,0,0.0
ItsDaaes,Tylanz,13,5,0.38461538461538464
ItsDaaes,Yoky,10,5,0.5
ItsDaaes,ko!,3,0,0.0
ItsDaaes,nIMBUSXNZ^^,14,7,0.5
ItsDaaes,shack house,12,4,0.3333333333333333
ItsDaaes,zoarnyrl,7,6,0.8571428571428571
JCISK,Ascended!,22,12,0.5454545454545454
JCISK,Car-.-,3,0,0.0
JCISK,FBISSsosa,4,1,0.25
JCISK,Geo,10,5,0.5
JCISK,Goose,19,12,0.631578947368421
JCISK,ItsDaaes,4,1,0.25
JCISK,Mateo,5,3,0.6
JCISK,Trickter02,10,5,0.5
JCISK,bass!,11,6,0.5454545454545454
JCISK,ko!,8,6,0.75
JCISK,nIMBUSXNZ^^,4,1,0.25
JCISK,shack house,5,2,0.4
JCISK,sly,3,0,0.0
Kyle$,Ascended!,8,2,0.25
Kyle$,Boydardi,4,3,0.75
Kyle$,FBISSsosa,9,3,0.3333333333333333
Kyle$,Faith,4,3,0.75
Kyle$,Goose,9,3,0.3333333333333333
Kyle$,Groovy,4,3,0.75
Kyle$,Maples,8,2,0.25
Kyle$,Siem,8,6,0.75
Kyle$,shack house,13,8,0.6153846153846154
Kyle$,sly,8,6,0.75
Maples,Ascended!,16,11,0.6875
Maples,Boydardi,15,9,0.6
Maples,Car-.-,7,6,0.8571428571428571
Maples,FBISSsosa,15,8,0.5333333333333333
Maples,Faith,4,3,0.75
Maples,Goose,18,8,0.4444444444444444
Maples,ItsDaaes,8,6,0.75
Maples,Kyle$,8,6,0.75
Maples,Mateo,14,7,0.5
Maples,MtnDru,12,9,0.75
Maples,Nem,3,0,0.0
Maples,TSabin.,25,12,0.48
Maples,Yoky,8,6,0.75
Maples,brokeboy,4,3,0.75
Maples,ko!,6,3,0.5
Maples,nIMBUSXNZ^^,20,11,0.55
Maples,shack house,15,8,0.5333333333333333
Maples,sly,5,4,0.8
Maples,xMoNsTeRMaRiO,9,5,0.5555555555555556
Mateo,Boydardi,5,2,0.4
Mateo,Car-.-,13,7,0.5384615384615384
Mateo,Cimino,3,3,1.0
Mateo,DeltaJRomeo_,12,6,0.5
Mateo,FBISSsosa,8,6,0.75
Mateo,Faith,4,1,0.25
Mateo,FuzzoL,5,2,0.4
Mateo,Goose,21,14,0.6666666666666666
Mateo,JCISK,5,2,0.4
Mateo,Maples,14,7,0.5
Mateo,MtnDru,6,6,1.0
Mateo,Siem,8,2,0.25
Mateo,TSabin.,22,11,0.5
Mateo,Yoky,5,3,0.6
Mateo,bass!,9,5,0.5555555555555556
Mateo,ko!,5,2,0.4
Mateo,nIMBUSXNZ^^,14,8,0.5714285714285714
Mateo,shack house,12,9,0.75
Mateo,sly,9,6,0.6666666666666666
Memento Mori217,AbSpectre,4,3,0.75
Memento Mori217,Ay_Ant,3,0,0.0
Memento Mori217,Beanzs2K,5,2,0.4
Memento Mori217,Captain Wolfer,3,0,0.0
Memento Mori217,CoolNerdGames,3,0,0.0
Memento Mori217,Deciding,9,5,0.5555555555555556
Memento Mori217,Eclipsed Frog,3,0,0.0
Memento Mori217,Firefi6ht_RL,10,5,0.5
Memento Mori217,NMTotra,3,3,1.0
Memento Mori217,Preet,4,3,0.75
Memento Mori217,"Shuk""!",8,2,0.25
Memento Mori217,Suduko,8,2,0.25
Memento Mori217,TheRealDunion,10,5,0.5
Memento Mori217,TweakingOut,8,5,0.625
Memento Mori217,chewy_chungus69,8,6,0.75
Memento Mori217,tjdubya21,10,4,0.4
MerculesMilenial,Alpha_762,3,0,0.0
MerculesMilenial,Ay_Ant,9,4,0.4444444444444444
MerculesMilenial,CoolNerdGames,3,0,0.0
MerculesMilenial,FriendlyFennec,5,3,0.6
MerculesMilenial,OGYeet_,5,3,0.6
MerculesMilenial,Recktals,6,0,0.0
MerculesMilenial,"Shuk""!",8,3,0.375
MerculesMilenial,SpicyShinobi,5,3,0.6
MerculesMilenial,TheRealDunion,3,0,0.0
MerculesMilenial,TheRyan.,3,0,0.0
MerculesMilenial,chewy_chungus69,3,0,0.0
MerculesMilenial,dray (learning controller,4,1,0.25
MerculesMilenial,tjdubya21,12,4,0.3333333333333333
MtnDru,A Simple Femgirl,5,3,0.6
MtnDru,Ascended!,7,1,0.14285714285714285
MtnDru,Boydardi,3,0,0.0
MtnDru,Car-.-,10,5,0.5
MtnDru,Chow_Mitch,14,12,0.8571428571428571
MtnDru,EricTheHispanic,14,12,0.8571428571428571
MtnDru,Fastmadcow,16,12,0.75
MtnDru,Firefi6ht_RL,9,4,0.4444444444444444
MtnDru,Goose,12,5,0.4166666666666667
MtnDru,ItsDaaes,8,6,0.75
MtnDru,Maples,12,3,0.25
MtnDru,Mateo,6,0,0.0
MtnDru,Recktals,5,3,0.6
MtnDru,SpicyShinobi,5,3,0.6
MtnDru,TSabin.,3,0,0.0
MtnDru,Yoky,4,1,0.25
MtnDru,chiped.potato,8,6,0.75
MtnDru,enzo,10,7,0.7
MtnDru,ko!,3,3,1.0
MtnDru,nIMBUSXNZ^^,15,9,0.6
MtnDru,shack house,7,4,0.5714285714285714
MtnDru,sly,7,3,0.42857142857142855
NMTotra,AbSpectre,3,0,0.0
NMTotra,Alpha_762,12,6,0.5
NMTotra,Ay_Ant,3,0,0.0
NMTotra,Beanzs2K,10,4,0.4
NMTotra,Captain Wolfer,6,0,0.0
NMTotra,CoolNerdGames,6,3,0.5
NMTotra,Deciding,3,0,0.0
NMTotra,EricTheHispanic,8,2,0.25
NMTotra,Firefi6ht_RL,11,2,0.18181818181818182
NMTotra,FriendlyFennec,3,3,1.0
NMTotra,Infantryboyz09,5,3,0.6
NMTotra,Memento Mori217,3,0,0.0
NMTotra,OGYeet_,5,3,0.6
NMTotra,RequitedZeus,5,2,0.4
NMTotra,"Shuk""!",3,0,0.0
NMTotra,Slik,4,1,0.25
NMTotra,Suduko,3,3,1.0
NMTotra,TheRealDunion,14,5,0.35714285714285715
NMTotra,bro.ro711,3,0,0.0
NMTotra,chewy_chungus69,3,0,0.0
NMTotra,qFoal,8,5,0.625
NMTotra,tjdubya21,26,9,0.34615384615384615
Nem,Ascended!,11,4,0.36363636363636365
Nem,Car-.-,3,3,1.0
Nem,FBISSsosa,5,2,0.4
Nem,Faith,4,3,0.75
Nem,Goose,9,3,0.3333333333333333
Nem,Groovy,4,3,0.75
Nem,Maples,3,3,1.0
Nem,Siem,8,6,0.75
Nem,Trickter02,3,0,0.0
Nem,bass!,7,1,0.14285714285714285
Nem,brokeboy,4,3,0.75
Nem,ko!,7,4,0.5714285714285714
Nem,shack house,20,9,0.45
Nem,sly,4,3,0.75
No_Walt,A Simple Femgirl,4,3,0.75
No_Walt,Captain Wolfer,5,3,0.6
No_Walt,CoolNerdGames,9,5,0.5555555555555556
No_Walt,FriendlyFennec,5,3,0.6
No_Walt,Germ.,5,2,0.4
No_Walt,bro.ro711,5,2,0.4
No_Walt,enzo,5,3,0.6
No_Walt,zoarnyrl,4,3,0.75
OGYeet_,AbSpectre,3,3,1.0
OGYeet_,Alpha_762,5,2,0.4
OGYeet_,Ay_Ant,6,6,1.0
OGYeet_,Captain Wolfer,3,0,0.0
OGYeet_,CoolNerdGames,3,0,0.0
OGYeet_,Deciding,7,4,0.5714285714285714
OGYeet_,Eclipsed Frog,8,5,0.625
OGYeet_,EricTheHispanic,3,0,0.0
OGYeet_,FriendlyFennec,21,13,0.6190476190476191
OGYeet_,MerculesMilenial,5,2,0.4
OGYeet_,NMTotra,5,2,0.4
OGYeet_,Orange,5,2,0.4
OGYeet_,Recktals,12,3,0.25
OGYeet_,"Shuk""!",5,3,0.6
OGYeet_,TheRealDunion,3,0,0.0
OGYeet_,TweakingOut,8,5,0.625
OGYeet_,chewy_chungus69,4,1,0.25
OGYeet_,qFoal,5,2,0.4
OGYeet_,ski11acam,3,0,0.0
OGYeet_,tjdubya21,18,10,0.5555555555555556
Orange,Infantryboyz09,5,3,0.6
Orange,OGYeet_,5,3,0.6
Orange,RequitedZeus,5,2,0.4
Orange,qFoal,5,2,0.4
Orange,tjdubya21,10,5,0.5
Preet,Alpha_762,3,0,0.0
Preet,Ay_Ant,12,6,0.5
Preet,Captain Wolfer,8,4,0.5
Preet,Creig1013,3,0,0.0
Preet,Deciding,16,9,0.5625
Preet,Firefi6ht_RL,8,3,0.375
Preet,FriendlyFennec,24,13,0.5416666666666666
Preet,Hedmarkers,8,6,0.75
Preet,Memento Mori217,4,1,0.25
Preet,Ryan,5,3,0.6
Preet,"Shuk""!",3,0,0.0
Preet,TheRealDunion,8,4,0.5
Preet,chewy_chungus69,14,4,0.2857142857142857
Preet,qFoal,10,1,0.1
Preet,ski11acam,4,3,0.75
Preet,tjdubya21,8,3,0.375
Recktals,A Simple Femgirl,5,3,0.6
Recktals,Alpha_762,6,6,1.0
Recktals,Ay_Ant,4,3,0.75
Recktals,CoolNerdGames,4,3,0.75
Recktals,Deciding,3,3,1.0
Recktals,Eclipsed Frog,4,3,0.75
Recktals,EricTheHispanic,15,7,0.4666666666666667
Recktals,Firefi6ht_RL,41,22,0.5365853658536586
Recktals,FriendlyFennec,6,6,1.0
Recktals,Groovy,5,2,0.4
Recktals,MerculesMilenial,6,6,1.0
Recktals,MtnDru,5,2,0.4
Recktals,OGYeet_,12,9,0.75
Recktals,Ryan,17,10,0.5882352941176471
Recktals,RyanZeBlock,9,4,0.4444444444444444
Recktals,SCATHEW XD,19,11,0.5789473684210527
Recktals,"Shuk""!",22,13,0.5909090909090909
Recktals,TheRyan.,3,3,1.0
Recktals,TweakingOut,3,3,1.0
Recktals,Yoky,15,6,0.4
Recktals,brokeboy,5,3,0.6
Recktals,chewy_chungus69,6,6,1.0
Recktals,dray (learning controller,4,3,0.75
Recktals,enzo,13,4,0.3076923076923077
Recktals,qFoal,8,6,0.75
Recktals,ski11acam,5,3,0.6
Recktals,tjdubya21,15,12,0.8
Recktals,zoarnyrl,4,3,0.75
RequitedZeus,AbSpectre,4,1,0.25
RequitedZeus,Ay_Ant,8,2,0.25
RequitedZeus,Beanzs2K,9,3,0.3333333333333333
RequitedZeus,Eclipsed Frog,4,1,0.25
RequitedZeus,Infantryboyz09,5,3,0.6
RequitedZeus,NMTotra,5,3,0.6
RequitedZeus,Orange,5,3,0.6
RequitedZeus,SpicyShinobi,4,1,0.25
RequitedZeus,TheRealDunion,5,2,0.4
RequitedZeus,faBBenWh  y,5,2,0.4
Ryan,AbSpectre,3,3,1.0
Ryan,Alpha_762,8,4,0.5
Ryan,Ay_Ant,12,8,0.6666666666666666
Ryan,Beanzs2K,4,3,0.75
Ryan,Captain Wolfer,9,3,0.3333333333333333
Ryan,CoolNerdGames,13,6,0.46153846153846156
Ryan,Deciding,3,3,1.0
Ryan,EricTheHispanic,10,4,0.4
Ryan,Firefi6ht_RL,20,7,0.35
Ryan,FriendlyFennec,4,3,0.75
Ryan,Preet,5,2,0.4
Ryan,Recktals,17,7,0.4117647058823529
Ryan,"Shuk""!",13,4,0.3076923076923077
Ryan,SpicyShinobi,1,1,1.0
Ryan,TheRealDunion,5,2,0.4
Ryan,TheRyan.,1,1,1.0
Ryan,chewy_chungus69,4,3,0.75
Ryan,enzo,12,3,0.25
Ryan,qFoal,8,2,0.25
Ryan,ski11acam,3,0,0.0
Ryan,tjdubya21,12,5,0.4166666666666667
Ryan,zoarnyrl,4,1,0.25
RyanZeBlock,Bluegy,10,7,0.7
RyanZeBlock,Boydardi,8,6,0.75
RyanZeBlock,CoolNerdGames,9,5,0.5555555555555556
RyanZeBlock,Eclipsed Frog,5,3,0.6
RyanZeBlock,Faith,3,3,1.0
RyanZeBlock,Fastmadcow,12,7,0.5833333333333334
RyanZeBlock,Firefi6ht_RL,4,3,0.75
RyanZeBlock,Recktals,9,5,0.5555555555555556
RyanZeBlock,"Shuk""!",8,5,0.625
RyanZeBlock,Siem,6,6,1.0
RyanZeBlock,enjay,4,1,0.25
RyanZeBlock,zoarnyrl,3,3,1.0
SCATHEW XD,AbSpectre,8,2,0.25
SCATHEW XD,Beanzs2K,5,2,0.4
SCATHEW XD,Car-.-,13,5,0.38461538461538464
SCATHEW XD,CoolNerdGames,14,5,0.35714285714285715
SCATHEW XD,Eclipsed Frog,14,5,0.35714285714285715
SCATHEW XD,Fastmadcow,5,3,0.6
SCATHEW XD,Firefi6ht_RL,9,3,0.3333333333333333
SCATHEW XD,Geo,4,1,0.25
SCATHEW XD,Germ.,4,1,0.25
SCATHEW XD,Recktals,19,8,0.42105263157894735
SCATHEW XD,"Shuk""!",9,3,0.3333333333333333
SCATHEW XD,Tylanz,4,1,0.25
"Shuk""!",A Simple Femgirl,5,3,0.6
"Shuk""!",AbSpectre,9,6,0.6666666666666666
"Shuk""!",AiRblock8,5,2,0.4
"Shuk""!",Ay_Ant,5,3,0.6
"Shuk""!",Bluegy,8,2,0.25
"Shuk""!",Boydardi,26,14,0.5384615384615384
"Shuk""!",Captain Wolfer,8,5,0.625
"Shuk""!",Car-.-,8,4,0.5
"Shuk""!",CoolNerdGames,52,28,0.5384615384615384
"Shuk""!",Creig1013,4,3,0.75
"Shuk""!",Eclipsed Frog,19,10,0.5263157894736842
"Shuk""!",EricTheHispanic,17,9,0.5294117647058824
"Shuk""!",Fastmadcow,20,6,0.3
"Shuk""!",Firefi6ht_RL,25,12,0.48
"Shuk""!",FuzzoL,4,3,0.75
"Shuk""!",Geo,4,1,0.25
"Shuk""!",Germ.,9,3,0.3333333333333333
"Shuk""!",Hedmarkers,3,3,1.0
"Shuk""!",Memento Mori217,8,6,0.75
"Shuk""!",MerculesMilenial,8,5,0.625
"Shuk""!",NMTotra,3,3,1.0
"Shuk""!",OGYeet_,5,2,0.4
"Shuk""!",Preet,3,3,1.0
"Shuk""!",Recktals,22,9,0.4090909090909091
"Shuk""!",Ryan,13,9,0.6923076923076923
"Shuk""!",RyanZeBlock,8,3,0.375
"Shuk""!",SCATHEW XD,9,6,0.6666666666666666
"Shuk""!",Siem,7,3,0.42857142857142855
"Shuk""!",Suduko,6,3,0.5
"Shuk""!",TheRealDunion,10,5,0.5
"Shuk""!",Yoky,11,6,0.5454545454545454
"Shuk""!",bro.ro711,11,2,0.18181818181818182
"Shuk""!",chewy_chungus69,13,9,0.6923076923076923
"Shuk""!",enjay,15,3,0.2
"Shuk""!",enzo,15,3,0.2
"Shuk""!",qFoal,3,3,1.0
"Shuk""!",zoarnyrl,7,1,0.14285714285714285
Siem,Bluegy,8,2,0.25
Siem,Boydardi,11,7,0.6363636363636364
Siem,Car-.-,5,2,0.4
Siem,DeltaJRomeo_,4,3,0.75
Siem,Faith,4,3,0.75
Siem,Fastmadcow,7,1,0.14285714285714285
Siem,FuzzoL,4,3,0.75
Siem,Geo,3,0,0.0
Siem,Kyle$,8,2,0.25
Siem,Mateo,8,6,0.75
Siem,Nem,8,2,0.25
Siem,RyanZeBlock,6,0,0.0
Siem,"Shuk""!",7,4,0.5714285714285714
Siem,TSabin.,5,2,0.4
Siem,Yoky,7,6,0.8571428571428571
Siem,bass!,8,6,0.75
Siem,enjay,10,1,0.1
Siem,enzo,4,1,0.25
Siem,nIMBUSXNZ^^,9,5,0.5555555555555556
Siem,shack house,7,3,0.42857142857142855
Siem,sly,12,7,0.5833333333333334
Siem,xMoNsTeRMaRiO,8,6,0.75
Siem,zoarnyrl,8,2,0.25
Slik,AbSpectre,3,0,0.0
Slik,Ay_Ant,3,0,0.0
Slik,Captain Wolfer,4,3,0.75
Slik,Deciding,3,3,1.0
Slik,Firefi6ht_RL,3,3,1.0
Slik,FriendlyFennec,7,6,0.8571428571428571
Slik,Hedmarkers,3,3,1.0
Slik,Infantryboyz09,3,3,1.0
Slik,NMTotra,4,3,0.75
Slik,Suduko,3,3,1.0
Slik,TheRealDunion,4,3,0.75
Slik,TweakingOut,3,3,1.0
Slik,bro.ro711,4,3,0.75
Slik,chewy_chungus69,10,6,0.6
Slik,enzo,3,3,1.0
SpicyShinobi,A Simple Femgirl,4,3,0.75
SpicyShinobi,AbSpectre,8,4,0.5
SpicyShinobi,Alpha_762,5,2,0.4
SpicyShinobi,Ay_Ant,4,1,0.25
SpicyShinobi,Captain Wolfer,16,5,0.3125
SpicyShinobi,Chow_Mitch,18,15,0.8333333333333334
SpicyShinobi,CoolNerdGames,18,12,0.6666666666666666
SpicyShinobi,Deciding,4,3,0.75
SpicyShinobi,Eclipsed Frog,17,6,0.35294117647058826
SpicyShinobi,EricTheHispanic,17,15,0.8823529411764706
SpicyShinobi,Firefi6ht_RL,4,3,0.75
SpicyShinobi,FriendlyFennec,5,2,0.4
SpicyShinobi,MerculesMilenial,5,2,0.4
SpicyShinobi,MtnDru,5,2,0.4
SpicyShinobi,RequitedZeus,4,3,0.75
SpicyShinobi,Ryan,4,3,0.75
SpicyShinobi,TheRyan.,4,3,0.75
SpicyShinobi,Trickter02,3,0,0.0
SpicyShinobi,Yoky,8,5,0.625
SpicyShinobi,bro.ro711,9,5,0.5555555555555556
SpicyShinobi,brokeboy,3,0,0.0
SpicyShinobi,chewy_chungus69,8,3,0.375
SpicyShinobi,chiped.potato,8,6,0.75
SpicyShinobi,enjay,8,6,0.75
SpicyShinobi,enzo,15,12,0.8
SpicyShinobi,faBBenWh  y,6,6,1.0
SpicyShinobi,qFoal,8,6,0.75
SpicyShinobi,ski11acam,8,6,0.75
SpicyShinobi,tjdubya21,11,8,0.7272727272727273
Suduko,AbSpectre,4,3,0.75
Suduko,Alpha_762,4,1,0.25
Suduko,Ay_Ant,5,3,0.6
Suduko,Boydardi,3,3,1.0
Suduko,EricTheHispanic,4,3,0.75
Suduko,Firefi6ht_RL,23,10,0.43478260869565216
Suduko,Geo,4,3,0.75
Suduko,Germ.,4,3,0.75
Suduko,Infantryboyz09,3,0,0.0
Suduko,Memento Mori217,8,6,0.75
Suduko,NMTotra,3,0,0.0
Suduko,"Shuk""!",6,3,0.5
Suduko,Slik,3,0,0.0
Suduko,Yoky,10,4,0.4
Suduko,bro.ro711,14,2,0.14285714285714285
Suduko,chewy_chungus69,8,6,0.75
Suduko,dray (learning controller,4,3,0.75
Suduko,enzo,15,3,0.2
Suduko,tjdubya21,7,1,0.14285714285714285
TSabin.,Ascended!,23,10,0.43478260869565216
TSabin.,Boydardi,4,3,0.75
TSabin.,Cimino,3,3,1.0
TSabin.,FBISSsosa,16,8,0.5
TSabin.,Faith,5,3,0.6
TSabin.,Goose,10,6,0.6
TSabin.,Maples,25,13,0.52
TSabin.,Mateo,22,11,0.5
TSabin.,MtnDru,3,3,1.0
TSabin.,Siem,5,3,0.6
TSabin.,nIMBUSXNZ^^,9,6,0.6666666666666666
TSabin.,shack house,5,3,0.6
TSabin.,sly,9,6,0.6666666666666666
TSabin.,xMoNsTeRMaRiO,8,6,0.75
TheRealDunion,AbSpectre,4,3,0.75
TheRealDunion,Alpha_762,5,2,0.4
TheRealDunion,Ay_Ant,5,3,0.6
TheRealDunion,Beanzs2K,8,2,0.25
TheRealDunion,Captain Wolfer,3,3,1.0
TheRealDunion,Deciding,7,3,0.42857142857142855
TheRealDunion,EricTheHispanic,9,5,0.5555555555555556
TheRealDunion,Firefi6ht_RL,12,9,0.75
TheRealDunion,FriendlyFennec,10,6,0.6
TheRealDunion,Memento Mori217,10,5,0.5
TheRealDunion,MerculesMilenial,3,3,1.0
TheRealDunion,NMTotra,14,9,0.6428571428571429
TheRealDunion,OGYeet_,3,3,1.0
TheRealDunion,Preet,8,4,0.5
TheRealDunion,RequitedZeus,5,3,0.6
TheRealDunion,Ryan,5,3,0.6
TheRealDunion,"Shuk""!",10,5,0.5
TheRealDunion,Slik,4,1,0.25
TheRealDunion,chewy_chungus69,7,1,0.14285714285714285
TheRealDunion,faBBenWh  y,7,3,0.42857142857142855
TheRealDunion,qFoal,3,0,0.0
TheRealDunion,tjdubya21,5,2,0.4
TheRyan.,Alpha_762,4,1,0.25
TheRyan.,Beanzs2K,4,1,0.25
TheRyan.,MerculesMilenial,3,3,1.0
TheRyan.,Recktals,3,0,0.0
TheRyan.,Ryan,4,3,0.75
TheRyan.,SpicyShinobi,4,1,0.25
TheRyan.,chewy_chungus69,6,3,0.5
TheRyan.,qFoal,4,3,0.75
TheRyan.,ski11acam,4,3,0.75
TheRyan.,tjdubya21,6,3,0.5
Trickter02,Ascended!,5,3,0.6
Trickter02,Bloom,5,2,0.4
Trickter02,Geo,3,3,1.0
Trickter02,Groovy,3,3,1.0
Trickter02,ItsDaaes,3,3,1.0
Trickter02,JCISK,10,5,0.5
Trickter02,Nem,3,3,1.0
Trickter02,SpicyShinobi,3,3,1.0
Trickter02,enzo,3,3,1.0
Trickter02,nIMBUSXNZ^^,5,3,0.6
Trickter02,shack house,5,2,0.4
TweakingOut,Ay_Ant,5,3,0.6
TweakingOut,Captain Wolfer,3,0,0.0
TweakingOut,Deciding,3,0,0.0
TweakingOut,FriendlyFennec,5,3,0.6
TweakingOut,Infantryboyz09,5,3,0.6
TweakingOut,Memento Mori217,8,3,0.375
TweakingOut,OGYeet_,8,3,0.375
TweakingOut,Recktals,3,0,0.0
TweakingOut,Slik,3,0,0.0
TweakingOut,chewy_chungus69,10,6,0.6
TweakingOut,qFoal,3,0,0.0
TweakingOut,ski11acam,8,3,0.375
TweakingOut,tjdubya21,8,3,0.375
Tylanz,A Simple Femgirl,9,6,0.6666666666666666
Tylanz,Boydardi,9,6,0.6666666666666666
Tylanz,Car-.-,9,3,0.3333333333333333
Tylanz,CoolNerdGames,5,3,0.6
Tylanz,FBISSsosa,5,2,0.4
Tylanz,Fastmadcow,8,6,0.75
Tylanz,ItsDaaes,13,8,0.6153846153846154
Tylanz,SCATHEW XD,4,3,0.75
Tylanz,nIMBUSXNZ^^,12,7,0.5833333333333334
Tylanz,shack house,4,1,0.25
Yoky,A Simple Femgirl,19,12,0.631578947368421
Yoky,AbSpectre,7,3,0.42857142857142855
Yoky,Ascended!,10,5,0.5
Yoky,Bloom,3,0,0.0
Yoky,Car-.-,5,2,0.4
Yoky,CoolNerdGames,17,12,0.7058823529411765
Yoky,EricTheHispanic,7,6,0.8571428571428571
Yoky,FBISSsosa,5,2,0.4
Yoky,Fastmadcow,5,3,0.6
Yoky,Firefi6ht_RL,20,11,0.55
Yoky,Groovy,3,0,0.0
Yoky,ItsDaaes,10,5,0.5
Yoky,Maples,8,2,0.25
Yoky,Mateo,5,2,0.4
Yoky,MtnDru,4,3,0.75
Yoky,Recktals,15,9,0.6
Yoky,"Shuk""!",11,5,0.45454545454545453
Yoky,Siem,7,1,0.14285714285714285
Yoky,SpicyShinobi,8,3,0.375
Yoky,Suduko,10,6,0.6
Yoky,bro.ro711,17,8,0.47058823529411764
Yoky,enjay,4,3,0.75
Yoky,enzo,30,15,0.5
Yoky,nIMBUSXNZ^^,8,3,0.375
Yoky,zoarnyrl,11,2,0.18181818181818182
Ziyor,AiRblock8,5,2,0.4
Ziyor,Bloom,3,0,0.0
Ziyor,Car-.-,3,0,0.0
Ziyor,CoolNerdGames,5,2,0.4
Ziyor,Faith,3,0,0.0
Ziyor,enzo,5,2,0.4
Ziyor,ko!,3,0,0.0
Ziyor,shack house,3,0,0.0
Ziyor,sly,3,0,0.0
bass!,Ascended!,1,1,1.0
bass!,Bloom,12,3,0.25
bass!,Car-.-,15,6,0.4
bass!,FBISSsosa,4,1,0.25
bass!,Faith,10,4,0.4
bass!,Goose,33,16,0.48484848484848486
bass!,JCISK,11,5,0.45454545454545453
bass!,Mateo,9,4,0.4444444444444444
bass!,Nem,7,6,0.8571428571428571
bass!,Siem,8,2,0.25
bass!,ko!,6,2,0.3333333333333333
bass!,nIMBUSXNZ^^,12,6,0.5
bass!,shack house,30,13,0.43333333333333335
bass!,sly,15,7,0.4666666666666667
bass!,x0ffe,8,2,0.25
bass!,xMoNsTeRMaRiO,3,0,0.0
bro.ro711,A Simple Femgirl,9,6,0.6666666666666666
bro.ro711,AbSpectre,3,0,0.0
bro.ro711,AiRblock8,5,2,0.4
bro.ro711,Alpha_762,7,4,0.5714285714285714
bro.ro711,Ay_Ant,3,0,0.0
bro.ro711,Captain Wolfer,5,3,0.6
bro.ro711,Chow_Mitch,9,5,0.5555555555555556
bro.ro711,CoolNerdGames,8,5,0.625
bro.ro711,Creig1013,4,3,0.75
bro.ro711,Firefi6ht_RL,20,9,0.45
bro.ro711,NMTotra,3,3,1.0
bro.ro711,No_Walt,5,3,0.6
bro.ro711,"Shuk""!",11,9,0.8181818181818182
bro.ro711,Slik,4,1,0.25
bro.ro711,SpicyShinobi,9,4,0.4444444444444444
bro.ro711,Suduko,14,12,0.8571428571428571
bro.ro711,Yoky,17,9,0.5294117647058824
bro.ro711,chewy_chungus69,6,3,0.5
bro.ro711,dray (learning controller,14,8,0.5714285714285714
bro.ro711,enzo,9,5,0.5555555555555556
bro.ro711,qFoal,11,9,0.8181818181818182
bro.ro711,tjdubya21,16,8,0.5
brokeboy,Ascended!,1,0,0.0
brokeboy,Bloom,3,3,1.0
brokeboy,Boydardi,6,2,0.3333333333333333
brokeboy,Car-.-,5,2,0.4
brokeboy,Creig1013,5,2,0.4
brokeboy,FBISSsosa,6,2,0.3333333333333333
brokeboy,Goose,10,3,0.3
brokeboy,Groovy,6,6,1.0
brokeboy,Maples,4,1,0.25
brokeboy,Nem,4,1,0.25
brokeboy,Recktals,5,2,0.4
brokeboy,SpicyShinobi,3,3,1.0
brokeboy,enzo,3,3,1.0
brokeboy,ko!,3,3,1.0
chewy_chungus69,Alpha_762,13,4,0.3076923076923077
chewy_chungus69,Ay_Ant,11,6,0.5454545454545454
chewy_chungus69,Captain Wolfer,16,6,0.375
chewy_chungus69,CoolNerdGames,3,0,0.0
chewy_chungus69,Deciding,21,10,0.47619047619047616
chewy_chungus69,Eclipsed Frog,8,5,0.625
chewy_chungus69,Firefi6ht_RL,27,8,0.2962962962962963
chewy_chungus69,FriendlyFennec,25,14,0.56
chewy_chungus69,Hedmarkers,12,9,0.75
chewy_chungus69,Infantryboyz09,3,3,1.0
chewy_chungus69,Memento Mori217,8,2,0.25
chewy_chungus69,MerculesMilenial,3,3,1.0
chewy_chungus69,NMTotra,3,3,1.0
chewy_chungus69,OGYeet_,4,3,0.75
chewy_chungus69,Preet,14,10,0.7142857142857143
chewy_chungus69,Recktals,6,0,0.0
chewy_chungus69,Ryan,4,1,0.25
chewy_chungus69,"Shuk""!",13,4,0.3076923076923077
chewy_chungus69,Slik,10,4,0.4
chewy_chungus69,SpicyShinobi,8,5,0.625
chewy_chungus69,Suduko,8,2,0.25
chewy_chungus69,TheRealDunion,7,6,0.8571428571428571
chewy_chungus69,TheRyan.,6,3,0.5
chewy_chungus69,TweakingOut,10,4,0.4
chewy_chungus69,bro.ro711,6,3,0.5
chewy_chungus69,dray (learning controller,4,3,0.75
chewy_chungus69,enzo,17,9,0.5294117647058824
chewy_chungus69,qFoal,15,9,0.6
chewy_chungus69,ski11acam,3,0,0.0
chewy_chungus69,tjdubya21,45,17,0.37777777777777777
chiped.potato,Firefi6ht_RL,8,2,0.25
chiped.potato,MtnDru,8,2,0.25
chiped.potato,SpicyShinobi,8,2,0.25
dray (learning controller,A Simple Femgirl,5,3,0.6
dray (learning controller,Car-.-,4,1,0.25
dray (learning controller,Chow_Mitch,8,4,0.5
dray (learning controller,CoolNerdGames,9,3,0.3333333333333333
dray (learning controller,Fastmadcow,9,4,0.4444444444444444
dray (learning controller,Germ.,13,6,0.46153846153846156
dray (learning controller,MerculesMilenial,4,3,0.75
dray (learning controller,Recktals,4,1,0.25
dray (learning controller,Suduko,4,1,0.25
dray (learning controller,bro.ro711,14,6,0.42857142857142855
dray (learning controller,chewy_chungus69,4,1,0.25
dray (learning controller,enzo,4,3,0.75
dray (learning controller,qFoal,4,3,0.75
dray (learning controller,tjdubya21,4,3,0.75
enjay,Bluegy,6,6,1.0
enjay,Boydardi,4,3,0.75
enjay,Eclipsed Frog,4,3,0.75
enjay,EricTheHispanic,4,1,0.25
enjay,Fastmadcow,7,4,0.5714285714285714
enjay,Firefi6ht_RL,4,1,0.25
enjay,Germ.,4,3,0.75
enjay,RyanZeBlock,4,3,0.75
enjay,"Shuk""!",15,12,0.8
enjay,Siem,10,9,0.9
enjay,SpicyShinobi,8,2,0.25
enjay,Yoky,4,1,0.25
enjay,x0ffe,4,3,0.75
enzo,AbSpectre,3,0,0.0
enzo,Alpha_762,7,4,0.5714285714285714
enzo,Ay_Ant,9,6,0.6666666666666666
enzo,Boydardi,4,3,0.75
enzo,Captain Wolfer,15,8,0.5333333333333333
enzo,Car-.-,5,3,0.6
enzo,CoolNerdGames,23,14,0.6086956521739131
enzo,Deciding,3,3,1.0
enzo,Eclipsed Frog,13,8,0.6153846153846154
enzo,EricTheHispanic,15,6,0.4
enzo,Fastmadcow,5,3,0.6
enzo,Firefi6ht_RL,58,29,0.5
enzo,FriendlyFennec,19,14,0.7368421052631579
enzo,Groovy,11,2,0.18181818181818182
enzo,Infantryboyz09,7,3,0.42857142857142855
enzo,MtnDru,10,3,0.3
enzo,No_Walt,5,2,0.4
enzo,Recktals,13,9,0.6923076923076923
enzo,Ryan,12,9,0.75
enzo,"Shuk""!",15,12,0.8
enzo,Siem,4,3,0.75
enzo,Slik,3,0,0.0
enzo,SpicyShinobi,15,3,0.2
enzo,Suduko,15,12,0.8
enzo,Trickter02,3,0,0.0
enzo,Yoky,30,15,0.5
enzo,Ziyor,5,3,0.6
enzo,bro.ro711,9,4,0.4444444444444444
enzo,brokeboy,3,0,0.0
enzo,chewy_chungus69,17,8,0.47058823529411764
enzo,dray (learning controller,4,1,0.25
enzo,qFoal,4,1,0.25
enzo,ski11acam,4,3,0.75
enzo,tjdubya21,16,4,0.25
faBBenWh  y,Alpha_762,13,4,0.3076923076923077
faBBenWh  y,Ay_Ant,5,3,0.6
faBBenWh  y,Captain Wolfer,4,1,0.25
faBBenWh  y,EricTheHispanic,5,2,0.4
faBBenWh  y,Firefi6ht_RL,15,3,0.2
faBBenWh  y,FriendlyFennec,8,6,0.75
faBBenWh  y,RequitedZeus,5,3,0.6
faBBenWh  y,SpicyShinobi,6,0,0.0
faBBenWh  y,TheRealDunion,7,4,0.5714285714285714
faBBenWh  y,tjdubya21,13,4,0.3076923076923077
ko!,Ascended!,12,6,0.5
ko!,Bloom,13,4,0.3076923076923077
ko!,Boydardi,4,3,0.75
ko!,Car-.-,15,3,0.2
ko!,Cimino,3,0,0.0
ko!,FBISSsosa,3,0,0.0
ko!,Faith,13,7,0.5384615384615384
ko!,Geo,3,3,1.0
ko!,Goose,19,11,0.5789473684210527
ko!,IceCreamBev,1,0,0.0
ko!,ItsDaaes,3,3,1.0
ko!,JCISK,8,2,0.25
ko!,Maples,6,3,0.5
ko!,Mateo,5,3,0.6
ko!,MtnDru,3,0,0.0
ko!,Nem,7,3,0.42857142857142855
ko!,Ziyor,3,3,1.0
ko!,bass!,6,4,0.6666666666666666
ko!,brokeboy,3,0,0.0
ko!,nIMBUSXNZ^^,20,12,0.6
ko!,shack house,29,12,0.41379310344827586
ko!,sly,11,6,0.5454545454545454
nIMBUSXNZ^^,Ascended!,26,14,0.5384615384615384
nIMBUSXNZ^^,Bloom,17,8,0.47058823529411764
nIMBUSXNZ^^,Boydardi,21,12,0.5714285714285714
nIMBUSXNZ^^,Car-.-,5,2,0.4
nIMBUSXNZ^^,FBISSsosa,28,10,0.35714285714285715
nIMBUSXNZ^^,Faith,15,4,0.26666666666666666
nIMBUSXNZ^^,Fastmadcow,11,4,0.36363636363636365
nIMBUSXNZ^^,Geo,5,2,0.4
nIMBUSXNZ^^,Goose,22,12,0.5454545454545454
nIMBUSXNZ^^,Groovy,7,6,0.8571428571428571
nIMBUSXNZ^^,ItsDaaes,14,7,0.5
nIMBUSXNZ^^,JCISK,4,3,0.75
nIMBUSXNZ^^,Maples,20,9,0.45
nIMBUSXNZ^^,Mateo,14,6,0.42857142857142855
nIMBUSXNZ^^,MtnDru,15,6,0.4
nIMBUSXNZ^^,Siem,9,4,0.4444444444444444
nIMBUSXNZ^^,TSabin.,9,3,0.3333333333333333
nIMBUSXNZ^^,Trickter02,5,2,0.4
nIMBUSXNZ^^,Tylanz,12,5,0.4166666666666667
nIMBUSXNZ^^,Yoky,8,5,0.625
nIMBUSXNZ^^,bass!,12,6,0.5
nIMBUSXNZ^^,ko!,20,8,0.4
nIMBUSXNZ^^,shack house,36,21,0.5833333333333334
nIMBUSXNZ^^,sly,16,13,0.8125
nIMBUSXNZ^^,xMoNsTeRMaRiO,9,5,0.5555555555555556
qFoal,Alpha_762,4,1,0.25
qFoal,Ay_Ant,4,3,0.75
qFoal,Beanzs2K,4,1,0.25
qFoal,Deciding,17,10,0.5882352941176471
qFoal,EricTheHispanic,4,1,0.25
qFoal,Firefi6ht_RL,4,3,0.75
qFoal,FriendlyFennec,9,6,0.6666666666666666
qFoal,Hedmarkers,12,9,0.75
qFoal,Infantryboyz09,16,12,0.75
qFoal,NMTotra,8,3,0.375
qFoal,OGYeet_,5,3,0.6
qFoal,Orange,5,3,0.6
qFoal,Preet,10,9,0.9
qFoal,Recktals,8,2,0.25
qFoal,Ryan,5,3,0.6
qFoal,"Shuk""!",3,0,0.0
qFoal,SpicyShinobi,8,2,0.25
qFoal,TheRealDunion,3,3,1.0
qFoal,TheRyan.,4,1,0.25
qFoal,TweakingOut,3,3,1.0
qFoal,bro.ro711,11,2,0.18181818181818182
qFoal,chewy_chungus69,15,6,0.4
qFoal,dray (learning controller,4,1,0.25
qFoal,enzo,4,3,0.75
qFoal,tjdubya21,10,6,0.6
shack house,Ascended!,27,13,0.48148148148148145
shack house,Bloom,4,3,0.75
shack house,Boydardi,14,4,0.2857142857142857
shack house,Car-.-,20,10,0.5
shack house,Cimino,7,1,0.14285714285714285
shack house,DeltaJRomeo_,10,5,0.5
shack house,FBISSsosa,18,7,0.3888888888888889
shack house,Geo,8,6,0.75
shack house,Goose,56,29,0.5178571428571429
shack house,Groovy,4,3,0.75
shack house,ItsDaaes,12,8,0.6666666666666666
shack house,JCISK,5,3,0.6
shack house,Kyle$,13,5,0.38461538461538464
shack house,Maples,15,7,0.4666666666666667
shack house,Mateo,12,3,0.25
shack house,MtnDru,7,3,0.42857142857142855
shack house,Nem,20,11,0.55
shack house,Siem,7,4,0.5714285714285714
shack house,TSabin.,5,2,0.4
shack house,Trickter02,5,3,0.6
shack house,Tylanz,4,3,0.75
shack house,Ziyor,3,3,1.0
shack house,bass!,30,17,0.5666666666666667
shack house,ko!,29,17,0.5862068965517241
shack house,nIMBUSXNZ^^,36,15,0.4166666666666667
shack house,sly,29,15,0.5172413793103449
shack house,x0ffe,3,1,0.3333333333333333
ski11acam,Alpha_762,4,1,0.25
ski11acam,Beanzs2K,7,1,0.14285714285714285
ski11acam,Captain Wolfer,4,1,0.25
ski11acam,Deciding,3,3,1.0
ski11acam,EricTheHispanic,4,1,0.25
ski11acam,FriendlyFennec,11,5,0.45454545454545453
ski11acam,OGYeet_,3,3,1.0
ski11acam,Preet,4,1,0.25
ski11acam,Recktals,5,2,0.4
ski11acam,SpicyShinobi,8,2,0.25
ski11acam,TheRyan.,4,1,0.25
ski11acam,TweakingOut,8,5,0.625
ski11acam,chewy_chungus69,3,3,1.0
ski11acam,enzo,4,1,0.25
ski11acam,tjdubya21,6,3,0.5
sly,Ascended!,12,3,0.25
sly,Boydardi,8,2,0.25
sly,Car-.-,5,2,0.4
sly,Cimino,3,3,1.0
sly,DeltaJRomeo_,9,3,0.3333333333333333
sly,FBISSsosa,3,3,1.0
sly,Faith,4,3,0.75
sly,Goose,14,5,0.35714285714285715
sly,Groovy,4,3,0.75
sly,IceCreamBev,1,0,0.0
sly,JCISK,3,3,1.0
sly,Kyle$,8,2,0.25
sly,Maples,5,1,0.2
sly,Mateo,9,3,0.3333333333333333
sly,MtnDru,7,4,0.5714285714285714
sly,Nem,4,1,0.25
sly,Siem,12,5,0.4166666666666667
sly,TSabin.,9,3,0.3333333333333333
sly,Ziyor,3,3,1.0
sly,bass!,15,8,0.5333333333333333
sly,ko!,11,5,0.45454545454545453
sly,nIMBUSXNZ^^,16,3,0.1875
sly,shack house,29,14,0.4827586206896552
sly,x0ffe,8,2,0.25
tjdubya21,Alpha_762,18,9,0.5
tjdubya21,Ay_Ant,32,24,0.75
tjdubya21,Beanzs2K,9,6,0.6666666666666666
tjdubya21,Captain Wolfer,5,3,0.6
tjdubya21,Chow_Mitch,4,3,0.75
tjdubya21,CoolNerdGames,4,3,0.75
tjdubya21,Eclipsed Frog,3,3,1.0
tjdubya21,EricTheHispanic,4,3,0.75
tjdubya21,Firefi6ht_RL,34,18,0.5294117647058824
tjdubya21,FriendlyFennec,37,24,0.6486486486486487
tjdubya21,Germ.,4,3,0.75
tjdubya21,Infantryboyz09,20,15,0.75
tjdubya21,Memento Mori217,10,6,0.6
tjdubya21,MerculesMilenial,12,8,0.6666666666666666
tjdubya21,NMTotra,26,17,0.6538461538461539
tjdubya21,OGYeet_,18,8,0.4444444444444444
tjdubya21,Orange,10,5,0.5
tjdubya21,Preet,8,5,0.625
tjdubya21,Recktals,15,3,0.2
tjdubya21,Ryan,12,7,0.5833333333333334
tjdubya21,SpicyShinobi,11,3,0.2727272727272727
tjdubya21,Suduko,7,6,0.8571428571428571
tjdubya21,TheRealDunion,5,3,0.6
tjdubya21,TheRyan.,6,3,0.5
tjdubya21,TweakingOut,8,5,0.625
tjdubya21,bro.ro711,16,8,0.5
tjdubya21,chewy_chungus69,45,28,0.6222222222222222
tjdubya21,dray (learning controller,4,1,0.25
tjdubya21,enzo,16,12,0.75
tjdubya21,faBBenWh  y,13,9,0.6923076923076923
tjdubya21,qFoal,10,4,0.4
tjdubya21,ski11acam,6,3,0.5
x0ffe,DeltaJRomeo_,4,3,0.75
x0ffe,Fastmadcow,4,1,0.25
x0ffe,Geo,4,1,0.25
x0ffe,bass!,8,6,0.75
x0ffe,enjay,4,1,0.25
x0ffe,shack house,3,2,0.6666666666666666
x0ffe,sly,8,6,0.75
xMoNsTeRMaRiO,Ascended!,8,6,0.75
xMoNsTeRMaRiO,DeltaJRomeo_,8,2,0.25
xMoNsTeRMaRiO,Faith,4,1,0.25
xMoNsTeRMaRiO,Goose,3,3,1.0
xMoNsTeRMaRiO,Maples,9,4,0.4444444444444444
xMoNsTeRMaRiO,Siem,8,2,0.25
xMoNsTeRMaRiO,TSabin.,8,2,0.25
xMoNsTeRMaRiO,bass!,3,3,1.0
xMoNsTeRMaRiO,nIMBUSXNZ^^,9,4,0.4444444444444444
zoarnyrl,Boydardi,11,9,0.8181818181818182
zoarnyrl,Car-.-,8,4,0.5
zoarnyrl,CoolNerdGames,4,3,0.75
zoarnyrl,EricTheHispanic,12,5,0.4166666666666667
zoarnyrl,FBISSsosa,10,1,0.1
zoarnyrl,Fastmadcow,10,1,0.1
zoarnyrl,Firefi6ht_RL,4,1,0.25
zoarnyrl,FuzzoL,4,3,0.75
zoarnyrl,ItsDaaes,7,1,0.14285714285714285
zoarnyrl,No_Walt,4,1,0.25
zoarnyrl,Recktals,4,1,0.25
zoarnyrl,Ryan,4,3,0.75
zoarnyrl,RyanZeBlock,3,0,0.0
zoarnyrl,"Shuk""!",7,6,0.8571428571428571
zoarnyrl,Siem,8,6,0.75
zoarnyrl,Yoky,11,9,0.8181818181818182
