player,teammate,wins_together
A Simple Femgirl,Boydardi,3
A Simple Femgirl,CoolNerdGames,3
A Simple Femgirl,Firefi6ht_RL,2
A Simple Femgirl,Recktals,2
A Simple Femgirl,SCATHEW XD,1
A Simple Femgirl,SpicyShinobi,2
A Simple Femgirl,bro.ro711,1
A Simple Femgirl,enjay,1
A Simple Femgirl,enzo,2
A Simple Femgirl,zoarnyrl,1
AbSpectre,Ay_Ant,6
AbSpectre,Car-.-,3
AbSpectre,Creig1013,1
AbSpectre,Deciding,2
AbSpectre,Eclipsed Frog,6
AbSpectre,EricTheHispanic,2
AbSpectre,Firefi6ht_RL,1
AbSpectre,Geo,3
AbSpectre,Groovy,3
AbSpectre,Preet,1
AbSpectre,RequitedZeus,1
AbSpectre,SpicyShinobi,3
AbSpectre,Tylanz,3
AbSpectre,chewy_chungus69,3
AiRblock8,CoolNerdGames,3
AiRblock8,enzo,3
Alpha_762,Beanzs2K,6
Alpha_762,EricTheHispanic,3
Alpha_762,Firefi6ht_RL,18
Alpha_762,MerculesMilenial,3
Alpha_762,SpicyShinobi,9
Alpha_762,chewy_chungus69,1
Alpha_762,tjdubya21,16
Ascended!,Car-.-,3
Ascended!,FBISSsosa,5
Ascended!,Goose,12
Ascended!,ItsDaaes,2
Ascended!,JCISK,2
Ascended!,Maples,18
Ascended!,Mateo,8
Ascended!,MtnDru,5
Ascended!,Nem,1
Ascended!,bass!,8
Ascended!,brokeboy,4
Ascended!,ko!,3
Ascended!,nIMBUSXNZ^^,9
Ascended!,shack house,8
Ascended!,sly,3
Ay_Ant,AbSpectre,6
Ay_Ant,Beanzs2K,6
Ay_Ant,Eclipsed Frog,3
Ay_Ant,Firefi6ht_RL,2
Ay_Ant,FriendlyFennec,11
Ay_Ant,Hedmarkers,3
Ay_Ant,Memento Mori217,2
Ay_Ant,OGYeet_,5
Ay_Ant,Preet,6
Ay_Ant,RequitedZeus,2
Ay_Ant,"Shuk""!",6
Ay_Ant,Slik,3
Ay_Ant,SpicyShinobi,5
Ay_Ant,Suduko,3
Ay_Ant,chewy_chungus69,8
Ay_Ant,enzo,4
Ay_Ant,qFoal,4
Ay_Ant,ski11acam,1
Beanzs2K,Alpha_762,6
Beanzs2K,Ay_Ant,6
Beanzs2K,EricTheHispanic,3
Beanzs2K,FriendlyFennec,4
Beanzs2K,NMTotra,3
Beanzs2K,OGYeet_,2
Beanzs2K,RequitedZeus,1
Beanzs2K,SpicyShinobi,7
Beanzs2K,TheRealDunion,6
Beanzs2K,faBBenWh  y,6
Beanzs2K,tjdubya21,6
Bloom,Car-.-,6
Bloom,Goose,6
Bloom,JCISK,3
Bloom,Maples,6
Bloom,Yoky,3
Bloom,bass!,1
Bloom,ko!,4
Bloom,nIMBUSXNZ^^,3
Bloom,shack house,3
Bloom,sly,3
Bluegy,Boydardi,3
Bluegy,Fastmadcow,3
Bluegy,enjay,3
Bluegy,zoarnyrl,3
Boydardi,A Simple Femgirl,3
Boydardi,Bluegy,3
Boydardi,Car-.-,3
Boydardi,CoolNerdGames,2
Boydardi,DeltaJRomeo_,3
Boydardi,Eclipsed Frog,2
Boydardi,FBISSsosa,4
Boydardi,Fastmadcow,6
Boydardi,FuzzoL,2
Boydardi,Goose,7
Boydardi,JCISK,1
Boydardi,Kyle$,2
Boydardi,MtnDru,6
Boydardi,SCATHEW XD,2
Boydardi,"Shuk""!",1
Boydardi,Siem,1
Boydardi,Tylanz,6
Boydardi,Yoky,2
Boydardi,enjay,3
Boydardi,nIMBUSXNZ^^,4
Boydardi,shack house,1
Boydardi,sly,2
Boydardi,x0ffe,1
Boydardi,xMoNsTeRMaRiO,1
Boydardi,zoarnyrl,4
Captain Wolfer,CoolNerdGames,3
Captain Wolfer,Deciding,3
Captain Wolfer,Eclipsed Frog,8
Captain Wolfer,EricTheHispanic,6
Captain Wolfer,FriendlyFennec,6
Captain Wolfer,Memento Mori217,3
Captain Wolfer,Preet,6
Captain Wolfer,RyanZeBlock,3
Captain Wolfer,"Shuk""!",3
Captain Wolfer,TheRealDunion,10
Captain Wolfer,chewy_chungus69,8
Captain Wolfer,enzo,16
Captain Wolfer,faBBenWh  y,2
Captain Wolfer,qFoal,3
Captain Wolfer,tjdubya21,6
Car-.-,AbSpectre,3
Car-.-,Ascended!,3
Car-.-,Bloom,6
Car-.-,Boydardi,3
Car-.-,DeltaJRomeo_,3
Car-.-,Eclipsed Frog,3
Car-.-,EricTheHispanic,4
Car-.-,FBISSsosa,3
Car-.-,Faith,3
Car-.-,Goose,6
Car-.-,ItsDaaes,3
Car-.-,JCISK,3
Car-.-,Maples,3
Car-.-,MtnDru,1
Car-.-,No_Walt,3
Car-.-,Ryan,1
Car-.-,"Shuk""!",3
Car-.-,Tylanz,3
Car-.-,nIMBUSXNZ^^,3
Car-.-,shack house,9
Car-.-,sly,7
Chow_Mitch,EricTheHispanic,2
Chow_Mitch,Firefi6ht_RL,1
Chow_Mitch,chiped.potato,2
Chow_Mitch,enjay,1
Cimino,FBISSsosa,3
Cimino,MtnDru,3
Cimino,ko!,3
Cimino,nIMBUSXNZ^^,3
CoolNerdGames,A Simple Femgirl,3
CoolNerdGames,AiRblock8,3
CoolNerdGames,Boydardi,2
CoolNerdGames,Captain Wolfer,3
CoolNerdGames,Eclipsed Frog,10
CoolNerdGames,Firefi6ht_RL,7
CoolNerdGames,MtnDru,1
CoolNerdGames,No_Walt,3
CoolNerdGames,Recktals,21
CoolNerdGames,Ryan,1
CoolNerdGames,SCATHEW XD,1
CoolNerdGames,"Shuk""!",10
CoolNerdGames,Siem,1
CoolNerdGames,Suduko,2
CoolNerdGames,TheRealDunion,3
CoolNerdGames,Trickter02,3
CoolNerdGames,brokeboy,3
CoolNerdGames,enzo,10
CoolNerdGames,faBBenWh  y,1
CoolNerdGames,ski11acam,3
CoolNerdGames,zoarnyrl,1
Creig1013,AbSpectre,1
Creig1013,EricTheHispanic,1
Deciding,AbSpectre,2
Deciding,Captain Wolfer,3
Deciding,FriendlyFennec,2
Deciding,Hedmarkers,2
Deciding,Memento Mori217,3
Deciding,OGYeet_,3
Deciding,Preet,1
Deciding,Recktals,3
Deciding,RequitedZeus,1
Deciding,Ryan,2
Deciding,TweakingOut,6
Deciding,chewy_chungus69,6
Deciding,qFoal,3
Deciding,tjdubya21,11
DeltaJRomeo_,Boydardi,3
DeltaJRomeo_,Car-.-,3
DeltaJRomeo_,Kyle$,2
DeltaJRomeo_,Nem,2
DeltaJRomeo_,TSabin.,3
DeltaJRomeo_,nIMBUSXNZ^^,3
Eclipsed Frog,AbSpectre,6
Eclipsed Frog,Ay_Ant,3
Eclipsed Frog,Boydardi,2
Eclipsed Frog,Captain Wolfer,8
Eclipsed Frog,Car-.-,3
Eclipsed Frog,CoolNerdGames,10
Eclipsed Frog,Fastmadcow,2
Eclipsed Frog,FriendlyFennec,6
Eclipsed Frog,Germ.,1
Eclipsed Frog,Recktals,6
Eclipsed Frog,Ryan,3
Eclipsed Frog,SCATHEW XD,1
Eclipsed Frog,"Shuk""!",1
Eclipsed Frog,chewy_chungus69,2
Eclipsed Frog,tjdubya21,6
EricTheHispanic,AbSpectre,2
EricTheHispanic,Alpha_762,3
EricTheHispanic,Beanzs2K,3
EricTheHispanic,Captain Wolfer,6
EricTheHispanic,Car-.-,4
EricTheHispanic,Chow_Mitch,2
EricTheHispanic,Creig1013,1
EricTheHispanic,Fastmadcow,3
EricTheHispanic,Firefi6ht_RL,14
EricTheHispanic,No_Walt,3
EricTheHispanic,OGYeet_,3
EricTheHispanic,Recktals,3
EricTheHispanic,Ryan,4
EricTheHispanic,SpicyShinobi,6
EricTheHispanic,TheRealDunion,6
EricTheHispanic,TheRyan.,3
EricTheHispanic,Yoky,6
EricTheHispanic,chiped.potato,2
EricTheHispanic,faBBenWh  y,1
EricTheHispanic,tjdubya21,3
FBISSsosa,Ascended!,5
FBISSsosa,Boydardi,4
FBISSsosa,Car-.-,3
FBISSsosa,Cimino,3
FBISSsosa,Faith,3
FBISSsosa,Fastmadcow,9
FBISSsosa,Goose,6
FBISSsosa,ItsDaaes,13
FBISSsosa,Kyle$,1
FBISSsosa,Maples,3
FBISSsosa,MtnDru,5
FBISSsosa,RyanZeBlock,3
FBISSsosa,Tylanz,1
FBISSsosa,bass!,3
FBISSsosa,nIMBUSXNZ^^,3
FBISSsosa,shack house,3
Faith,Car-.-,3
Faith,FBISSsosa,3
Faith,Mateo,2
Faith,bass!,4
Faith,ko!,3
Faith,nIMBUSXNZ^^,1
Faith,shack house,8
Fastmadcow,Bluegy,3
Fastmadcow,Boydardi,6
Fastmadcow,Eclipsed Frog,2
Fastmadcow,EricTheHispanic,3
Fastmadcow,FBISSsosa,9
Fastmadcow,Geo,3
Fastmadcow,ItsDaaes,8
Fastmadcow,JCISK,1
Fastmadcow,RyanZeBlock,6
Fastmadcow,SpicyShinobi,3
Fastmadcow,enjay,12
Fastmadcow,nIMBUSXNZ^^,2
Firefi6ht_RL,A Simple Femgirl,2
Firefi6ht_RL,AbSpectre,1
Firefi6ht_RL,Alpha_762,18
Firefi6ht_RL,Ay_Ant,2
Firefi6ht_RL,Chow_Mitch,1
Firefi6ht_RL,CoolNerdGames,7
Firefi6ht_RL,EricTheHispanic,14
Firefi6ht_RL,FriendlyFennec,5
Firefi6ht_RL,Groovy,3
Firefi6ht_RL,Hedmarkers,1
Firefi6ht_RL,Infantryboyz09,1
Firefi6ht_RL,MerculesMilenial,3
Firefi6ht_RL,MtnDru,12
Firefi6ht_RL,No_Walt,3
Firefi6ht_RL,OGYeet_,3
Firefi6ht_RL,Preet,1
Firefi6ht_RL,Recktals,7
Firefi6ht_RL,Ryan,9
Firefi6ht_RL,RyanZeBlock,2
Firefi6ht_RL,SCATHEW XD,4
Firefi6ht_RL,"Shuk""!",22
Firefi6ht_RL,Slik,3
Firefi6ht_RL,SpicyShinobi,23
Firefi6ht_RL,Suduko,3
Firefi6ht_RL,TheRealDunion,2
Firefi6ht_RL,Yoky,15
Firefi6ht_RL,bro.ro711,3
Firefi6ht_RL,chewy_chungus69,2
Firefi6ht_RL,enjay,1
Firefi6ht_RL,enzo,6
Firefi6ht_RL,faBBenWh  y,1
Firefi6ht_RL,tjdubya21,21
Firefi6ht_RL,zoarnyrl,3
FriendlyFennec,Ay_Ant,11
FriendlyFennec,Beanzs2K,4
FriendlyFennec,Captain Wolfer,6
FriendlyFennec,Deciding,2
FriendlyFennec,Eclipsed Frog,6
FriendlyFennec,Firefi6ht_RL,5
FriendlyFennec,Memento Mori217,5
FriendlyFennec,NMTotra,4
FriendlyFennec,RequitedZeus,2
FriendlyFennec,Ryan,6
FriendlyFennec,"Shuk""!",5
FriendlyFennec,SpicyShinobi,3
FriendlyFennec,TheRealDunion,6
FriendlyFennec,chewy_chungus69,2
FriendlyFennec,enzo,7
FriendlyFennec,tjdubya21,8
FuzzoL,Boydardi,2
FuzzoL,JCISK,3
FuzzoL,SCATHEW XD,1
FuzzoL,TSabin.,3
FuzzoL,Yoky,1
Geo,AbSpectre,3
Geo,Fastmadcow,3
Geo,RyanZeBlock,3
Geo,Trickter02,5
Geo,Tylanz,3
Geo,enjay,6
Geo,ko!,2
Geo,shack house,3
Germ.,Eclipsed Frog,1
Germ.,"Shuk""!",1
Goose,Ascended!,12
Goose,Bloom,6
Goose,Boydardi,7
Goose,Car-.-,6
Goose,FBISSsosa,6
Goose,Kyle$,1
Goose,Maples,11
Goose,Mateo,2
Goose,Nem,7
Goose,bass!,8
Goose,ko!,6
Goose,nIMBUSXNZ^^,4
Goose,shack house,7
Goose,sly,4
Groovy,AbSpectre,3
Groovy,Firefi6ht_RL,3
Groovy,SpicyShinobi,6
Groovy,Suduko,3
Groovy,Yoky,9
Hedmarkers,Ay_Ant,3
Hedmarkers,Deciding,2
Hedmarkers,Firefi6ht_RL,1
Hedmarkers,Preet,1
Hedmarkers,enzo,3
Hedmarkers,tjdubya21,2
IceCreamBev,Maples,1
IceCreamBev,nIMBUSXNZ^^,1
Infantryboyz09,Firefi6ht_RL,1
Infantryboyz09,Memento Mori217,2
Infantryboyz09,NMTotra,2
Infantryboyz09,OGYeet_,2
Infantryboyz09,Orange,2
Infantryboyz09,Ryan,1
Infantryboyz09,Slik,3
Infantryboyz09,chewy_chungus69,2
Infantryboyz09,tjdubya21,5
ItsDaaes,Ascended!,2
ItsDaaes,Car-.-,3
ItsDaaes,FBISSsosa,13
ItsDaaes,Fastmadcow,8
ItsDaaes,Tylanz,1
ItsDaaes,nIMBUSXNZ^^,7
JCISK,Ascended!,2
JCISK,Bloom,3
JCISK,Boydardi,1
JCISK,Car-.-,3
JCISK,Fastmadcow,1
JCISK,FuzzoL,3
JCISK,TSabin.,3
JCISK,nIMBUSXNZ^^,5
JCISK,shack house,12
JCISK,xMoNsTeRMaRiO,3
Kyle$,Boydardi,2
Kyle$,DeltaJRomeo_,2
Kyle$,FBISSsosa,1
Kyle$,Goose,1
Kyle$,Nem,2
Kyle$,ko!,3
Kyle$,nIMBUSXNZ^^,3
Maples,Ascended!,18
Maples,Bloom,6
Maples,Car-.-,3
Maples,FBISSsosa,3
Maples,Goose,11
Maples,IceCreamBev,1
Maples,Mateo,6
Maples,Nem,3
Maples,Yoky,3
Maples,brokeboy,2
Maples,nIMBUSXNZ^^,6
Maples,shack house,5
Maples,sly,2
Mateo,Ascended!,8
Mateo,Faith,2
Mateo,Goose,2
Mateo,Maples,6
Mateo,TSabin.,6
Mateo,shack house,7
Mateo,sly,5
Memento Mori217,Ay_Ant,2
Memento Mori217,Captain Wolfer,3
Memento Mori217,Deciding,3
Memento Mori217,FriendlyFennec,5
Memento Mori217,Infantryboyz09,2
Memento Mori217,NMTotra,2
Memento Mori217,"Shuk""!",3
Memento Mori217,TheRealDunion,3
Memento Mori217,chewy_chungus69,4
Memento Mori217,tjdubya21,3
MerculesMilenial,Alpha_762,3
MerculesMilenial,Firefi6ht_RL,3
MerculesMilenial,OGYeet_,3
MerculesMilenial,tjdubya21,3
MtnDru,Ascended!,5
MtnDru,Boydardi,6
MtnDru,Car-.-,1
MtnDru,Cimino,3
MtnDru,CoolNerdGames,1
MtnDru,FBISSsosa,5
MtnDru,Firefi6ht_RL,12
MtnDru,SpicyShinobi,12
MtnDru,Suduko,1
MtnDru,Tylanz,6
MtnDru,Yoky,3
MtnDru,bro.ro711,3
MtnDru,ko!,3
MtnDru,sly,1
NMTotra,Beanzs2K,3
NMTotra,FriendlyFennec,4
NMTotra,Infantryboyz09,2
NMTotra,Memento Mori217,2
NMTotra,Orange,5
NMTotra,"Shuk""!",3
NMTotra,TheRealDunion,2
NMTotra,bro.ro711,5
NMTotra,chewy_chungus69,2
NMTotra,faBBenWh  y,3
NMTotra,qFoal,3
Nem,Ascended!,1
Nem,DeltaJRomeo_,2
Nem,Goose,7
Nem,Kyle$,2
Nem,Maples,3
Nem,bass!,1
Nem,shack house,4
Nem,sly,1
No_Walt,Car-.-,3
No_Walt,CoolNerdGames,3
No_Walt,EricTheHispanic,3
No_Walt,Firefi6ht_RL,3
OGYeet_,Ay_Ant,5
OGYeet_,Beanzs2K,2
OGYeet_,Deciding,3
OGYeet_,EricTheHispanic,3
OGYeet_,Firefi6ht_RL,3
OGYeet_,Infantryboyz09,2
OGYeet_,MerculesMilenial,3
OGYeet_,Ryan,3
OGYeet_,SpicyShinobi,2
OGYeet_,qFoal,1
OGYeet_,tjdubya21,5
Orange,Infantryboyz09,2
Orange,NMTotra,5
Orange,qFoal,3
Preet,AbSpectre,1
Preet,Ay_Ant,6
Preet,Captain Wolfer,6
Preet,Deciding,1
Preet,Firefi6ht_RL,1
Preet,Hedmarkers,1
Preet,Slik,6
Preet,chewy_chungus69,6
Preet,enzo,6
Preet,qFoal,6
Recktals,A Simple Femgirl,2
Recktals,CoolNerdGames,21
Recktals,Deciding,3
Recktals,Eclipsed Frog,6
Recktals,EricTheHispanic,3
Recktals,Firefi6ht_RL,7
Recktals,Ryan,1
Recktals,"Shuk""!",6
Recktals,bro.ro711,3
Recktals,chewy_chungus69,6
Recktals,enzo,12
Recktals,ski11acam,3
Recktals,tjdubya21,3
RequitedZeus,AbSpectre,1
RequitedZeus,Ay_Ant,2
RequitedZeus,Beanzs2K,1
RequitedZeus,Deciding,1
RequitedZeus,FriendlyFennec,2
RequitedZeus,SpicyShinobi,1
RequitedZeus,qFoal,3
RequitedZeus,tjdubya21,3
Ryan,Car-.-,1
Ryan,CoolNerdGames,1
Ryan,Deciding,2
Ryan,Eclipsed Frog,3
Ryan,EricTheHispanic,4
Ryan,Firefi6ht_RL,9
Ryan,FriendlyFennec,6
Ryan,Infantryboyz09,1
Ryan,OGYeet_,3
Ryan,Recktals,1
Ryan,RyanZeBlock,5
Ryan,"Shuk""!",4
Ryan,enzo,4
Ryan,qFoal,1
Ryan,ski11acam,1
Ryan,tjdubya21,3
Ryan,zoarnyrl,1
RyanZeBlock,Captain Wolfer,3
RyanZeBlock,FBISSsosa,3
RyanZeBlock,Fastmadcow,6
RyanZeBlock,Firefi6ht_RL,2
RyanZeBlock,Geo,3
RyanZeBlock,Ryan,5
RyanZeBlock,"Shuk""!",4
RyanZeBlock,Siem,1
RyanZeBlock,enjay,6
RyanZeBlock,enzo,3
SCATHEW XD,A Simple Femgirl,1
SCATHEW XD,Boydardi,2
SCATHEW XD,CoolNerdGames,1
SCATHEW XD,Eclipsed Frog,1
SCATHEW XD,Firefi6ht_RL,4
SCATHEW XD,FuzzoL,1
SCATHEW XD,"Shuk""!",4
"Shuk""!",Ay_Ant,6
"Shuk""!",Boydardi,1
"Shuk""!",Captain Wolfer,3
"Shuk""!",Car-.-,3
"Shuk""!",CoolNerdGames,10
"Shuk""!",Eclipsed Frog,1
"Shuk""!",Firefi6ht_RL,22
"Shuk""!",FriendlyFennec,5
"Shuk""!",Germ.,1
"Shuk""!",Memento Mori217,3
"Shuk""!",NMTotra,3
"Shuk""!",Recktals,6
"Shuk""!",Ryan,4
"Shuk""!",RyanZeBlock,4
"Shuk""!",SCATHEW XD,4
"Shuk""!",Siem,5
"Shuk""!",Suduko,6
"Shuk""!",TheRealDunion,3
"Shuk""!",Tylanz,3
"Shuk""!",Ziyor,2
"Shuk""!",bro.ro711,5
"Shuk""!",enzo,6
"Shuk""!",tjdubya21,5
"Shuk""!",x0ffe,1
"Shuk""!",zoarnyrl,10
Siem,Boydardi,1
Siem,CoolNerdGames,1
Siem,RyanZeBlock,1
Siem,"Shuk""!",5
Siem,Suduko,3
Siem,Yoky,1
Siem,zoarnyrl,6
Slik,Ay_Ant,3
Slik,Firefi6ht_RL,3
Slik,Infantryboyz09,3
Slik,Preet,6
Slik,chewy_chungus69,3
Slik,qFoal,3
Slik,tjdubya21,9
SpicyShinobi,A Simple Femgirl,2
SpicyShinobi,AbSpectre,3
SpicyShinobi,Alpha_762,9
SpicyShinobi,Ay_Ant,5
SpicyShinobi,Beanzs2K,7
SpicyShinobi,EricTheHispanic,6
SpicyShinobi,Fastmadcow,3
SpicyShinobi,Firefi6ht_RL,23
SpicyShinobi,FriendlyFennec,3
SpicyShinobi,Groovy,6
SpicyShinobi,MtnDru,12
SpicyShinobi,OGYeet_,2
SpicyShinobi,RequitedZeus,1
SpicyShinobi,TheRyan.,3
SpicyShinobi,Yoky,6
SpicyShinobi,chewy_chungus69,2
SpicyShinobi,enzo,5
Suduko,Ay_Ant,3
Suduko,CoolNerdGames,2
Suduko,Firefi6ht_RL,3
Suduko,Groovy,3
Suduko,MtnDru,1
Suduko,"Shuk""!",6
Suduko,Siem,3
Suduko,Yoky,3
Suduko,faBBenWh  y,1
Suduko,zoarnyrl,3
TSabin.,DeltaJRomeo_,3
TSabin.,FuzzoL,3
TSabin.,JCISK,3
TSabin.,Mateo,6
TSabin.,Yoky,2
TSabin.,ko!,3
TSabin.,nIMBUSXNZ^^,5
TSabin.,shack house,3
TSabin.,sly,3
TSabin.,xMoNsTeRMaRiO,3
TheRealDunion,Beanzs2K,6
TheRealDunion,Captain Wolfer,10
TheRealDunion,CoolNerdGames,3
TheRealDunion,EricTheHispanic,6
TheRealDunion,Firefi6ht_RL,2
TheRealDunion,FriendlyFennec,6
TheRealDunion,Memento Mori217,3
TheRealDunion,NMTotra,2
TheRealDunion,"Shuk""!",3
TheRealDunion,chewy_chungus69,2
TheRealDunion,faBBenWh  y,3
TheRealDunion,tjdubya21,6
TheRyan.,EricTheHispanic,3
TheRyan.,SpicyShinobi,3
TheRyan.,qFoal,1
TheRyan.,ski11acam,1
Trickter02,CoolNerdGames,3
Trickter02,Geo,5
Trickter02,brokeboy,3
Trickter02,ko!,5
Trickter02,shack house,6
TweakingOut,Deciding,6
TweakingOut,tjdubya21,6
Tylanz,AbSpectre,3
Tylanz,Boydardi,6
Tylanz,Car-.-,3
Tylanz,FBISSsosa,1
Tylanz,Geo,3
Tylanz,ItsDaaes,1
Tylanz,MtnDru,6
Tylanz,"Shuk""!",3
Tylanz,Yoky,2
Tylanz,shack house,2
Yoky,Bloom,3
Yoky,Boydardi,2
Yoky,EricTheHispanic,6
Yoky,Firefi6ht_RL,15
Yoky,FuzzoL,1
Yoky,Groovy,9
Yoky,Maples,3
Yoky,MtnDru,3
Yoky,Siem,1
Yoky,SpicyShinobi,6
Yoky,Suduko,3
Yoky,TSabin.,2
Yoky,Tylanz,2
Yoky,bro.ro711,3
Yoky,enzo,3
Yoky,nIMBUSXNZ^^,2
Yoky,shack house,2
Ziyor,"Shuk""!",2
Ziyor,bro.ro711,2
bass!,Ascended!,8
bass!,Bloom,1
bass!,FBISSsosa,3
bass!,Faith,4
bass!,Goose,8
bass!,Nem,1
bass!,ko!,6
bass!,nIMBUSXNZ^^,3
bass!,shack house,4
bro.ro711,A Simple Femgirl,1
bro.ro711,Firefi6ht_RL,3
bro.ro711,MtnDru,3
bro.ro711,NMTotra,5
bro.ro711,Recktals,3
bro.ro711,"Shuk""!",5
bro.ro711,Yoky,3
bro.ro711,Ziyor,2
bro.ro711,chewy_chungus69,8
bro.ro711,dray (learning controller,3
bro.ro711,enjay,1
bro.ro711,tjdubya21,3
brokeboy,Ascended!,4
brokeboy,CoolNerdGames,3
brokeboy,Maples,2
brokeboy,Trickter02,3
brokeboy,nIMBUSXNZ^^,3
brokeboy,shack house,3
chewy_chungus69,AbSpectre,3
chewy_chungus69,Alpha_762,1
chewy_chungus69,Ay_Ant,8
chewy_chungus69,Captain Wolfer,8
chewy_chungus69,Deciding,6
chewy_chungus69,Eclipsed Frog,2
chewy_chungus69,Firefi6ht_RL,2
chewy_chungus69,FriendlyFennec,2
chewy_chungus69,Infantryboyz09,2
chewy_chungus69,Memento Mori217,4
chewy_chungus69,NMTotra,2
chewy_chungus69,Preet,6
chewy_chungus69,Recktals,6
chewy_chungus69,Slik,3
chewy_chungus69,SpicyShinobi,2
chewy_chungus69,TheRealDunion,2
chewy_chungus69,bro.ro711,8
chewy_chungus69,dray (learning controller,3
chewy_chungus69,enzo,5
chewy_chungus69,qFoal,12
chewy_chungus69,ski11acam,1
chewy_chungus69,tjdubya21,4
chiped.potato,Chow_Mitch,2
chiped.potato,EricTheHispanic,2
dray (learning controller,bro.ro711,3
dray (learning controller,chewy_chungus69,3
dray (learning controller,qFoal,1
dray (learning controller,tjdubya21,1
enjay,A Simple Femgirl,1
enjay,Bluegy,3
enjay,Boydardi,3
enjay,Chow_Mitch,1
enjay,Fastmadcow,12
enjay,Firefi6ht_RL,1
enjay,Geo,6
enjay,RyanZeBlock,6
enjay,bro.ro711,1
enzo,A Simple Femgirl,2
enzo,AiRblock8,3
enzo,Ay_Ant,4
enzo,Captain Wolfer,16
enzo,CoolNerdGames,10
enzo,Firefi6ht_RL,6
enzo,FriendlyFennec,7
enzo,Hedmarkers,3
enzo,Preet,6
enzo,Recktals,12
enzo,Ryan,4
enzo,RyanZeBlock,3
enzo,"Shuk""!",6
enzo,SpicyShinobi,5
enzo,Yoky,3
enzo,chewy_chungus69,5
enzo,faBBenWh  y,2
enzo,qFoal,1
enzo,tjdubya21,7
enzo,zoarnyrl,3
faBBenWh  y,Beanzs2K,6
faBBenWh  y,Captain Wolfer,2
faBBenWh  y,CoolNerdGames,1
faBBenWh  y,EricTheHispanic,1
faBBenWh  y,Firefi6ht_RL,1
faBBenWh  y,NMTotra,3
faBBenWh  y,Suduko,1
faBBenWh  y,TheRealDunion,3
faBBenWh  y,enzo,2
ko!,Ascended!,3
ko!,Bloom,4
ko!,Cimino,3
ko!,Faith,3
ko!,Geo,2
ko!,Goose,6
ko!,Kyle$,3
ko!,MtnDru,3
ko!,TSabin.,3
ko!,Trickter02,5
ko!,bass!,6
ko!,nIMBUSXNZ^^,8
ko!,shack house,6
ko!,xMoNsTeRMaRiO,3
nIMBUSXNZ^^,Ascended!,9
nIMBUSXNZ^^,Bloom,3
nIMBUSXNZ^^,Boydardi,4
nIMBUSXNZ^^,Car-.-,3
nIMBUSXNZ^^,Cimino,3
nIMBUSXNZ^^,DeltaJRomeo_,3
nIMBUSXNZ^^,FBISSsosa,3
nIMBUSXNZ^^,Faith,1
nIMBUSXNZ^^,Fastmadcow,2
nIMBUSXNZ^^,Goose,4
nIMBUSXNZ^^,IceCreamBev,1
nIMBUSXNZ^^,ItsDaaes,7
nIMBUSXNZ^^,JCISK,5
nIMBUSXNZ^^,Kyle$,3
nIMBUSXNZ^^,Maples,6
nIMBUSXNZ^^,TSabin.,5
nIMBUSXNZ^^,Yoky,2
nIMBUSXNZ^^,bass!,3
nIMBUSXNZ^^,brokeboy,3
nIMBUSXNZ^^,ko!,8
nIMBUSXNZ^^,shack house,6
nIMBUSXNZ^^,sly,1
nIMBUSXNZ^^,zoarnyrl,1
qFoal,Ay_Ant,4
qFoal,Captain Wolfer,3
qFoal,Deciding,3
qFoal,NMTotra,3
qFoal,OGYeet_,1
qFoal,Orange,3
qFoal,Preet,6
qFoal,RequitedZeus,3
qFoal,Ryan,1
qFoal,Slik,3
qFoal,TheRyan.,1
qFoal,chewy_chungus69,12
qFoal,dray (learning controller,1
qFoal,enzo,1
qFoal,ski11acam,2
qFoal,tjdubya21,11
shack house,Ascended!,8
shack house,Bloom,3
shack house,Boydardi,1
shack house,Car-.-,9
shack house,FBISSsosa,3
shack house,Faith,8
shack house,Geo,3
shack house,Goose,7
shack house,JCISK,12
shack house,Maples,5
shack house,Mateo,7
shack house,Nem,4
shack house,TSabin.,3
shack house,Trickter02,6
shack house,Tylanz,2
shack house,Yoky,2
shack house,bass!,4
shack house,brokeboy,3
shack house,ko!,6
shack house,nIMBUSXNZ^^,6
shack house,sly,3
shack house,xMoNsTeRMaRiO,3
ski11acam,Ay_Ant,1
ski11acam,CoolNerdGames,3
ski11acam,Recktals,3
ski11acam,Ryan,1
ski11acam,TheRyan.,1
ski11acam,chewy_chungus69,1
ski11acam,qFoal,2
sly,Ascended!,3
sly,Bloom,3
sly,Boydardi,2
sly,Car-.-,7
sly,Goose,4
sly,Maples,2
sly,Mateo,5
sly,MtnDru,1
sly,Nem,1
sly,TSabin.,3
sly,nIMBUSXNZ^^,1
sly,shack house,3
sly,xMoNsTeRMaRiO,1
tjdubya21,Alpha_762,16
tjdubya21,Beanzs2K,6
tjdubya21,Captain Wolfer,6
tjdubya21,Deciding,11
tjdubya21,Eclipsed Frog,6
tjdubya21,EricTheHispanic,3
tjdubya21,Firefi6ht_RL,21
tjdubya21,FriendlyFennec,8
tjdubya21,Hedmarkers,2
tjdubya21,Infantryboyz09,5
tjdubya21,Memento Mori217,3
tjdubya21,MerculesMilenial,3
tjdubya21,OGYeet_,5
tjdubya21,Recktals,3
tjdubya21,RequitedZeus,3
tjdubya21,Ryan,3
tjdubya21,"Shuk""!",5
tjdubya21,Slik,9
tjdubya21,TheRealDunion,6
tjdubya21,TweakingOut,6
tjdubya21,bro.ro711,3
tjdubya21,chewy_chungus69,4
tjdubya21,dray (learning controller,1
tjdubya21,enzo,7
tjdubya21,qFoal,11
x0ffe,Boydardi,1
x0ffe,"Shuk""!",1
xMoNsTeRMaRiO,Boydardi,1
xMoNsTeRMaRiO,JCISK,3
xMoNsTeRMaRiO,TSabin.,3
xMoNsTeRMaRiO,ko!,3
xMoNsTeRMaRiO,shack house,3
xMoNsTeRMaRiO,sly,1
zoarnyrl,A Simple Femgirl,1
zoarnyrl,Bluegy,3
zoarnyrl,Boydardi,4
zoarnyrl,CoolNerdGames,1
zoarnyrl,Firefi6ht_RL,3
zoarnyrl,Ryan,1
zoarnyrl,"Shuk""!",10
zoarnyrl,Siem,6
zoarnyrl,Suduko,3
zoarnyrl,enzo,3
zoarnyrl,nIMBUSXNZ^^,1
