Discord,League,Ballchasing,TRN,Team,Traded,TradeDate,TradedTeam,Active,Alias,Platform,platform_id,alt,alt_platform,alt_platform_id
Rob Belicheck,S,https://ballchasing.com/player/steam/76561199054741424,https://rocketleague.tracker.network/rocket-league/profile/epic/rǑb/overview,Galactic Empire,N,,,Y,Rob Belicheck,steam,76561199054741424,Rob Belicheck,epic,ce0ee457542b4b98a4428d09cde70975
Othos,S,https://ballchasing.com/player/steam/76561198239409890,https://rocketleague.tracker.network/rocket-league/profile/epic/OthosRL/overview,Bezos Bros,N,,,Y,Othos,steam,76561198239409890,,,
Goose,S,https://ballchasing.com/player/epic/f59ba2e6bbfa4a29a166d81e74f75933,https://rocketleague.tracker.network/rocket-league/profile/epic/Goose%20Cowboy/overview,Vectors,N,,,Y,Goose,epic,f59ba2e6bbfa4a29a166d81e74f75933,,,
Fyshi,S,https://ballchasing.com/player/steam/76561199417435308,https://rocketleague.tracker.network/rocket-league/profile/epic/xFyshix/mmr?playlist=11,Megaminds,N,,,Y,Fyshi,steam,76561199417435308,xFyshix,epic,4c64c39a2aab43359a76e2f4fe1d1a4e
FBISSsosa,S,https://ballchasing.com/player/epic/dd44fe17bae8474083000a457d44d588,https://rocketleague.tracker.network/rocket-league/profile/steam/76561198364633693/overview,Big Pharma,N,,,Y,FBISSsosa,epic,dd44fe17bae8474083000a457d44d588,,,
Faith,S,https://ballchasing.com/player/steam/76561198451159908,https://rocketleague.tracker.network/rocket-league/profile/steam/76561198451159908/overview,Tai Lung Leopards,N,,,Y,Faith,steam,76561198451159908,,,
Condra,S,https://ballchasing.com/player/steam/76561198866778939 ,https://rocketleague.tracker.network/rocket-league/profile/steam/76561198866778939/overview,Ginyu Force,N,,,Y,Condra,steam,76561198866778939,condrabunsha,epic,8ee8bf77b5bd4eb9a90fae8f34e47557
bass,S,https://ballchasing.com/player/steam/76561198807499766,https://rocketleague.tracker.network/rocket-league/profile/steam/76561198807499766/overview,King Koba,N,,,Y,bass,steam,76561198807499766,,,
Fluffy,S,https://ballchasing.com/player/steam/76561198175721866,https://rocketleague.tracker.network/rocket-league/profile/steam/76561198175721866/overview,Galactic Empire,N,,,Y,Fluffy,steam,76561198175721866,,,
Kyle.,S,https://ballchasing.com/player/steam/76561199032836806,https://rocketleague.tracker.network/rocket-league/profile/epic/OBSC%20Rain/overview,King Koba,N,,,Y,Kyle.,steam,76561199032836806,,,
LikeWisse,S,https://ballchasing.com/player/steam/76561198985500492,https://rocketleague.tracker.network/rocket-league/profile/steam/76561198985500492/overview,Big Pharma,N,,,Y,LikeWisse,steam,76561198985500492,,,
Dolphino,S,https://ballchasing.com/player/steam/76561198351600374,https://rocketleague.tracker.network/rocket-league/profile/steam/76561198351600374/overview,Tai Lung Leopards,N,,,Y,Dolphino,steam,76561198351600374,,,
Ezkra,S,https://ballchasing.com/player/steam/76561198242838482,https://rocketleague.tracker.network/rocket-league/profile/epic/EzkraGG/overview,Alternate,N,,,Y,Ezkra,steam,76561198242838482,,,
Maples,S,https://ballchasing.com/player/steam/76561198976624529,https://rocketleague.tracker.network/rocket-league/profile/steam/76561198976624529/overview,Vectors,N,,,Y,Maples,steam,76561198976624529,,,
Vecim,S,https://ballchasing.com/player/steam/76561198419593415,https://rocketleague.tracker.network/rocket-league/profile/epic/Vecum/mmr?playlist=11,Big Pharma,N,,,Y,Vecim,steam,76561198419593415,,,
Flykid,S,https://ballchasing.com/player/epic/6e24059800184b5cb08b2baa39841e19,https://rocketleague.tracker.network/rocket-league/profile/epic/Flykid-/overview,Ginyu Force,N,,,Y,Flykid,epic,6e24059800184b5cb08b2baa39841e19,,,
Riot,S,https://ballchasing.com/player/steam/76561198094582481,https://rocketleague.tracker.network/rocket-league/profile/steam/76561198094582481/overview,Bezos Bros,N,,,Y,Riot,steam,76561198094582481,,,
Dead guy,S,https://ballchasing.com/?player-name=Almost+dead+guy,https://rocketleague.tracker.network/rocket-league/profile/epic/almost%20dead%20guy/overview,King Koba,N,,,Y,Dead guy,epic,f0e376eab8714d169d14e9c217038e1b,,,
Trickter,A,https://ballchasing.com/?player-name=tricktr02,https://rocketleague.tracker.network/rocket-league/profile/epic/Trickter02/overview,Galactic Empire,N,,,Y,Trickter,steam,76561198354602962,,,
Lumity Somers,S,https://ballchasing.com/player/steam/76561198167151601,https://rocketleague.tracker.network/rocket-league/profile/epic/Lumitysomers/overview,Ginyu Force,N,,,Y,Lumity Somers,steam,76561198167151601,,,
Siem,S,https://ballchasing.com/player/steam/76561198358477673,https://rocketleague.tracker.network/rocket-league/profile/steam/76561198358477673/overview,Vectors,N,,,Y,Siem,steam,76561198358477673,,,
rob,S,https://ballchasing.com/player/epic/740316dfc01a46ae9e3593662584b66c,https://rocketleague.tracker.network/rocket-league/profile/steam/76561198087249907/overview,King Koba,N,,,Y,rob,epic,740316dfc01a46ae9e3593662584b66c,rob,steam,76561198087249907
Savagegnome,S,https://ballchasing.com/?player-name=savagegnomeRL,https://rocketleague.tracker.network/rocket-league/profile/epic/SavageGnome./overview,Galactic Empire,N,,,Y,Savagegnome,epic,65d79d10e993494a93b1933680d886bb,,,
Jxzo,S,https://ballchasing.com/player/steam/76561198297598502,https://rocketleague.tracker.network/rocket-league/profile/steam/76561198297598502/overview,Tai Lung Leopards,N,,,Y,Jxzo,steam,76561198297598502,,,
nIMBUSXNZ^^,S,https://ballchasing.com/player/steam/76561198955848516,https://rocketleague.tracker.network/rocket-league/profile/steam/76561198955848516/mmr?playlist=11,Bezos Bros,N,,,Y,nIMBUSXNZ^^,steam,76561198955848516,,,
takeeover,S,https://ballchasing.com/?player-name=takeeover,https://rocketleague.tracker.network/rocket-league/profile/epic/takeeover/overview,Ginyu Force,N,,,Y,takeeover,epic,16d5e151acd548fe8a5464a6ba9162d6,,,
Bloom.-,S,https://ballchasing.com/player/steam/76561198978096634,https://rocketleague.tracker.network/rocket-league/profile/epic/Bloom.-/overview,Megaminds,N,,,Y,Bloom.-,steam,76561198978096634,,,
Frowns,A,https://ballchasing.com/?player-name=Frownsrl,https://rocketleague.tracker.network/rocket-league/profile/epic/FrownsRL/overview,Vectors,N,,,Y,Frowns,epic,4c0ab046533d4f458266380be034743b,,,
Mulig (Oh Ok Yea),S,https://ballchasing.com/player/epic/da10b1a740954a4bb526f42eafff6362,https://rocketleague.tracker.network/rocket-league/profile/epic/Oh%20okay%20yeah/overview,Megaminds,N,,,Y,Mulig (Oh Ok Yea),epic,da10b1a740954a4bb526f42eafff6362,,,
ItsDaaes,S,https://ballchasing.com/player/steam/76561199098487154,https://rocketleague.tracker.network/rocket-league/profile/epic/Itsdaaes/overview,Big Pharma,N,,,Y,ItsDaaes,steam,76561199098487154,ItsDaaes,epic,0fdd769166124fe091a0cf740944b212
TheKingPin123789,A,https://ballchasing.com/?uploader=76561199507032571,https://rocketleague.tracker.network/rocket-league/profile/epic/TheKingPin123789/overview,Tai Lung Leopards,N,,,Y,TheKingPin123789,epic,36abb410f20e4144baefc999d48b6114,,,
Linke._.,S,https://ballchasing.com/player/epic/ae0b7c9075084bf28d921436a737cb48,https://rocketleague.tracker.network/rocket-league/profile/epic/Linke._./overview,Galactic Empire,N,,,Y,Linke._.,epic,ae0b7c9075084bf28d921436a737cb48,slinke._.,epic,50d5299cfd714fbd91163a2127420cf7
FuzzoL,A,https://ballchasing.com/player/steam/76561198365644672,https://rocketleague.tracker.network/rocket-league/profile/steam/76561198365644672/overview,Big Pharma,N,,,Y,FuzzoL,steam,76561198365644672,,,
egg,A,https://ballchasing.com/player/steam/76561198174605477,https://rocketleague.tracker.network/rocket-league/profile/steam/76561198174605477/overview,Ginyu Force,N,,,N,egg,steam,76561198174605477,,,
goldm00n,S,https://ballchasing.com/player/epic/0711d22595ca4160a215c8c7824cd89f,https://rocketleague.tracker.network/rocket-league/profile/epic/GOLDM00N/overview,Tai Lung Leopards,N,,,Y,goldm00n,epic,0711d22595ca4160a215c8c7824cd89f,GoldM00n,steam,76561199040619193
Geo,A,https://ballchasing.com/player/epic/e1b927ab097946dab4aa0635e1761442,https://rocketleague.tracker.network/rocket-league/profile/epic/Dx%20Geo%20xD/overview,Ginyu Force,N,,,Y,Geo,epic,e1b927ab097946dab4aa0635e1761442,,,
shack house,A,https://ballchasing.com/player/steam/76561198205869723,https://rocketleague.tracker.network/rocket-league/profile/steam/76561198205869723/overview,Galactic Empire,N,,,Y,shack house,steam,76561198205869723,,,
Novee,S,https://ballchasing.com/player/steam/76561198383790310,https://rocketleague.tracker.network/rocket-league/profile/steam/76561198383790310/overview,Megaminds,N,,,Y,Novee,steam,76561198383790310,,,
Ascended!,S,https://ballchasing.com/player/steam/76561198087852643,https://rocketleague.tracker.network/rocket-league/profile/steam/76561198087852643/overview,Bezos Bros,N,,,Y,Ascended!,steam,76561198087852643,,,
Ryanblok8,A,https://ballchasing.com/player/steam/76561199109101412,https://rocketleague.tracker.network/rocket-league/profile/epic/RyanZeBlock/overview,Bezos Bros,N,,,Y,Ryanblok8,steam,76561199109101412,RyanZeBlock,epic,9483255c798c466cb6d5794a1cc9e8b2
GroovyCollier,A,https://ballchasing.com/player/steam/76561199043386482,https://rocketleague.tracker.network/rocket-league/profile/steam/GroovyCollier/overview,Big Pharma,N,,,Y,GroovyCollier,steam,76561199043386482,,,
sly,S,https://ballchasing.com/player/steam/76561198099860502,https://rocketleague.tracker.network/rocket-league/profile/steam/76561198099860502/overview,Vectors,N,,,Y,sly,steam,76561198099860502,,,
BocchiRL,A,https://ballchasing.com/player/steam/76561198198331878,https://rocketleague.tracker.network/rocket-league/profile/epic/BocchiRL/overview,Bezos Bros,N,,,Y,BocchiRL,steam,76561198198331878,BocchiRL,epic,67f208eae5654a3ebee3735e27d46c6f
Yoky,A,https://ballchasing.com/player/steam/76561198090652388,https://rocketleague.tracker.network/rocket-league/profile/epic/YokyRLM/overview,Bezos Bros,N,,,Y,Yoky,steam,76561198090652388,,,
DeltaJRomeo,A,https://ballchasing.com/?player-name=DeltaJRomeo,https://rocketleague.tracker.network/rocket-league/profile/epic/DeltaJRomeo_/overview,Vectors,N,,,Y,DeltaJRomeo,epic,da937e7f46a34218a2ac4b4042b43b92,,,
x0ffe,A,https://ballchasing.com/player/steam/76561198143052139,https://rocketleague.tracker.network/rocket-league/profile/steam/76561198143052139/overview,Tai Lung Leopards,N,,,Y,x0ffe,steam,76561198143052139,,,
Boydardi,A,https://ballchasing.com/player/steam/76561198054329313,https://rocketleague.tracker.network/rocket-league/profile/steam/76561198054329313/overview,Big Pharma,N,,,Y,Boydardi,steam,76561198054329313,,,
ZakWagon,A,https://ballchasing.com/player/steam/76561198122857043,https://rocketleague.tracker.network/rocket-league/profile/steam/76561198122857043/overview,Vectors,N,,,Y,ZakWagon,steam,76561198122857043,,,
Creer,A,https://ballchasing.com/player/steam/76561198346131457,https://rocketleague.tracker.network/rocket-league/profile/steam/76561198346131457/overview,Bezos Bros,N,,,Y,Creer,steam,76561198346131457,,,
Fastmadcow,A,https://ballchasing.com/player/steam/76561198027568934,https://rocketleague.tracker.network/rocket-league/profile/steam/76561198027568934/overview,Alternate,N,,,Y,Fastmadcow,steam,76561198027568934,,,
MrCOD,A,https://ballchasing.com/?uploader=76561198135564465,https://rocketleague.tracker.network/rocket-league/profile/psn/MrCODFunable1/mmr?playlist=11,King Koba,N,,,Y,MrCOD,epic,c0bd48121a9845f1be9a71f9d444f9fa,,,
Car,A,https://ballchasing.com/player/steam/76561199030219229,https://rocketleague.tracker.network/rocket-league/profile/epic/CrazieCar1/overview,Megaminds,N,,,Y,Car,steam,76561199030219229,,,
Recktals,A,https://ballchasing.com/player/steam/76561198387057692,https://rocketleague.tracker.network/rocket-league/profile/steam/76561198387057692/overview,Big Pharma,N,,,Y,Recktals,steam,76561198387057692,,,
stein,A,https://ballchasing.com/player/steam/76561198982448769,https://rocketleague.tracker.network/rocket-league/profile/steam/76561198982448769/overview,Ginyu Force,N,,,Y,stein,steam,76561198982448769,RL -_- STEiN,epic,bce6f89e7a3f457da63532ba86c28fa6
Akuma,A,https://ballchasing.com/player/steam/76561198000271465,https://rocketleague.tracker.network/rocket-league/profile/steam/76561198000271465/overview,King Koba,N,,,Y,Akuma,steam,76561198000271465,,,
Tylanz,A,https://ballchasing.com/player/steam/76561198871589835,https://rocketleague.tracker.network/rocket-league/profile/steam/76561198871589835/overview,Ginyu Force,N,,,Y,Tylanz,steam,76561198871589835,,,
Eclipsed Frog,A,https://ballchasing.com/player/steam/76561198167862548,https://rocketleague.tracker.network/rocket-league/profile/steam/76561198167862548/overview,Tai Lung Leopards,N,,,Y,Eclipsed Frog,steam,76561198167862548,,,
Smyte,A,https://ballchasing.com/player/steam/76561199029926605,https://rocketleague.tracker.network/rocket-league/profile/steam/76561199029926605/overview,King Koba,N,,,Y,Smyte,steam,76561199029926605,,,
Sej,A,https://ballchasing.com/player/steam/76561198424620914,https://rocketleague.tracker.network/rocket-league/profile/epic/SejRL/overview,Galactic Empire,N,,,Y,Sej,steam,76561198424620914,,,
SCAT,A,https://ballchasing.com/player/steam/76561199077149518,https://rocketleague.tracker.network/rocket-league/profile/epic/R1P%20TOBY%20KEITH/overview,Megaminds,N,,,Y,SCAT,steam,76561199077149518,Scathew XD,epic,581d99668a69477ba0d52f19c49033ae
Bluegy,A,https://ballchasing.com/player/steam/76561199008394120,https://rocketleague.tracker.network/rocket-league/profile/steam/76561199008394120/overview,Tai Lung Leopards,N,,,Y,Bluegy,steam,76561199008394120,,,
Bro Dark,A,https://ballchasing.com/player/steam/76561198047107194,https://rocketleague.tracker.network/rocket-league/profile/epic/xBrotherDarkness/overview,Ginyu Force,N,,,Y,Bro Dark,steam,76561198047107194,,,
Thicc Salsa,B,https://ballchasing.com/player/steam/76561198156560035,https://rocketleague.tracker.network/rocket-league/profile/steam/76561198156560035/overview,Vectors,N,,,Y,Thicc Salsa,steam,76561198156560035,,,
Taysssty,A,https://ballchasing.com/player/steam/76561198837854642,https://rocketleague.tracker.network/rocket-league/profile/epic/Taysssty/overview,Megaminds,N,,,Y,Taysssty,steam,76561198837854642,Taysssty,epic,5d8236b3e68040b6b24e1d39f8589431
SwaggyMcDouble,A,https://ballchasing.com/player/steam/76561198230442968,https://rocketleague.tracker.network/rocket-league/profile/steam/76561198230442968/overview,Megaminds,N,,,Y,SwaggyMcDouble,steam,76561198230442968,,,
Bricked Up Barry,A,https://ballchasing.com/?player-name=Bricked+Up+Barry,https://rocketleague.tracker.network/rocket-league/profile/epic/Bricked%20Up%20Barry/overview,Vectors,N,,,Y,Bricked Up Barry,epic,6c1d15513ae6438383d61a5fc7a9379a,,,
Gob,B,https://ballchasing.com/player/epic/5e9af8f7d89546c3abfa851821a0336f,https://rocketleague.tracker.network/rocket-league/profile/epic/GOB%20-_/overview,Bezos Bros,N,,,Y,Gob,epic,5e9af8f7d89546c3abfa851821a0336f,,,
Conj,A,https://ballchasing.com/player/epic/a01262ee438941029e0d4e8dbbe6259f,https://rocketleague.tracker.network/rocket-league/profile/epic/Conjツ/overview,Galactic Empire,N,,,Y,Conj,epic,a01262ee438941029e0d4e8dbbe6259f,,,
kodoku!,A,https://ballchasing.com/player/steam/76561198308600186,https://rocketleague.tracker.network/rocket-league/profile/epic/yokodoku/overview,King Koba,N,,,Y,kodoku!,steam,76561198308600186,,,
bro.ro711,B,https://ballchasing.com/player/epic/ac621bd9a6654acaa3553afa6c9545d3,https://rocketleague.tracker.network/rocket-league/profile/epic/bro.ro711/overview,Tai Lung Leopards,N,,,Y,bro.ro711,epic,ac621bd9a6654acaa3553afa6c9545d3,,,
Chow,B,https://ballchasing.com/player/steam/76561198847052711,https://rocketleague.tracker.network/rocket-league/profile/epic/Chow_Mitch/overview,Megaminds,N,,,Y,Chow,steam,76561198847052711,Chow_Mitch,epic,bda7981301fd4711af11f6733d237bfe
A Simple Femgirl,B,https://ballchasing.com/player/steam/76561199106030939,https://rocketleague.tracker.network/rocket-league/profile/epic/A%20Simple%20Femgirl/overview,Vectors,N,,,Y,A Simple Femgirl,steam,76561199106030939,A Simple Femgirl,epic,7b1f16939a384b2b968388d1f295ffa7
beckyboo,B,https://ballchasing.com/player/steam/76561198353727856,https://rocketleague.tracker.network/rocket-league/profile/epic/beckyboo_WL/overview,,N,,,N,beckyboo,steam,76561198353727856,,,
Skeeter Boys,B,https://ballchasing.com/replay/028b3989-87af-4e70-95de-cd70d9ccade0,https://rocketleague.tracker.network/rocket-league/profile/epic/Skeeter%20boys/overview,Ginyu Force,N,,,Y,Skeeter Boys,epic,d28c96f6f93644f393139e5c4c353e4d,,,
MtnDru,B,https://ballchasing.com/player/steam/76561198213500859,https://rocketleague.tracker.network/rocket-league/profile/epic/MtnDruGaming/overview,Megaminds,N,,,Y,MtnDru,steam,76561198213500859,,,
Micro,B,https://ballchasing.com/player/steam/76561199098487154,https://rocketleague.tracker.network/rocket-league/profile/steam/76561198026465628/overview,Big Pharma,Y,2024-11-11,King Koba,N,Micro,steam,76561199098487154,Micro,steam,76561198026465628
KIWA_-7,B,https://ballchasing.com/player/steam/76561198979088218#overview,https://rocketleague.tracker.network/rocket-league/profile/steam/76561198979088218/overview,Bezos Bros,N,,,Y,KIWA_-7,steam,76561198979088218,,,
TheRyan.,B,https://ballchasing.com/player/epic/c6d46be5eb8942a8aa2a64d0f891f46d,https://rocketleague.tracker.network/rocket-league/profile/epic/TheRyan./overview,King Koba,N,,,Y,TheRyan.,epic,c6d46be5eb8942a8aa2a64d0f891f46d,,,
AbSpectre,B,https://ballchasing.com/?player-name=AbSpectre,https://rocketleague.tracker.network/rocket-league/profile/epic/AbSpectre/overview,Tai Lung Leopards,N,,,Y,AbSpectre,epic,daceee6f910f4d6a863fc5a8dc3b18d8,,,
Rat.,B,https://ballchasing.com/player/steam/76561198871728906,https://rocketleague.tracker.network/rocket-league/profile/steam/76561198871728906/overview,King Koba,Y,2024-11-11,Big Pharma,Y,Rat.,steam,76561198871728906,,,
ya_motha,B,https://ballchasing.com/player/steam/76561198269377755,https://rocketleague.tracker.network/rocket-league/profile/steam/76561198269377755/overview,Big Pharma,Y,2024-11-11,King Koba,Y,ya_motha,steam,76561198269377755,,,
noot,B,https://ballchasing.com/player/steam/76561198088510960,https://rocketleague.tracker.network/rocket-league/profile/steam/76561198088510960/overview,Galactic Empire,N,,,Y,noot,steam,76561198088510960,,,
Wavy,B,https://ballchasing.com/player/steam/76561199087335332,https://rocketleague.tracker.network/rocket-league/profile/steam/76561199087335332/overview,Tai Lung Leopards,N,,,Y,Wavy,steam,76561199087335332,,,
Suduko,B,https://ballchasing.com/player/steam/76561198113256999,https://rocketleague.tracker.network/rocket-league/profile/epic/Suduko20/overview,Galactic Empire,N,,,Y,Suduko,steam,76561198113256999,,,
Bullypn,B,https://ballchasing.com/player/steam/76561198295599120,https://rocketleague.tracker.network/rocket-league/profile/epic/Typhol./overview,Bezos Bros,N,,,Y,Bullypn,steam,76561198295599120,,,
Quaza GS,B,https://discord.com/channels/@me/1286108059751420007/1286127990169665588,https://rocketleague.tracker.network/rocket-league/profile/epic/Egg%20Mcglizzerton/overview,Galactic Empire,N,,,Y,Quaza GS,epic,333f6cfde2344baa9bdd6d95c8b60b25,,,
SpicyShinobi,B,https://ballchasing.com/player/steam/76561198136200980,https://rocketleague.tracker.network/rocket-league/profile/epic/SpicyShinobi/overview,Ginyu Force,N,,,Y,SpicyShinobi,steam,76561198136200980,SpicyShinobi,epic,7a292b6e464b4f41b5ebfaf7639214f5
Nitrate tv,B,https://ballchasing.com/player/xbox/bf28490200000900,https://rocketleague.tracker.network/rocket-league/profile/epic/Nitrate_TTV/overview,Big Pharma,N,,,Y,Nitrate tv,xbox,bf28490200000900,,,
EricTheHispanic,B,https://ballchasing.com/player/steam/76561198836609884,https://rocketleague.tracker.network/rocket-league/profile/epic/EricTheHispanic/overview,Megaminds,N,,,Y,EricTheHispanic,steam,76561198836609884,EricTheHispanic,epic,87dc0df033734202bd8fcbb95926b672
Road_to_bronze,B,https://ballchasing.com/player/epic/170f14950a0a4531aeb69fba47f21270,https://rocketleague.tracker.network/rocket-league/profile/epic/Road_to_bronze_3/overview,Alternate,N,,,Y,Road_to_bronze,epic,170f14950a0a4531aeb69fba47f21270,,,
Pengy,B,https://ballchasing.com/player/steam/76561198998695909,https://rocketleague.tracker.network/rocket-league/profile/steam/76561198998695909/overview,Galactic Empire,N,,,Y,Pengy,steam,76561198998695909,,,
J.,B,https://ballchasing.com/player/steam/76561198300482356,https://rocketleague.tracker.network/rocket-league/profile/epic/KVI_/overview,Ginyu Force,N,,,Y,J.,steam,76561198300482356,,,
MerculesTheMillenial,B,https://ballchasing.com/player/steam/76561198838756627,https://rocketleague.tracker.network/rocket-league/profile/epic/RL_Millenial/overview,Ginyu Force,N,,,Y,MerculesTheMillenial,steam,76561198838756627,MerculesMilenial,epic,d9d63c33bd434c8ebbad68c54db2cad7
ewoo,B,https://ballchasing.com/player/steam/76561199210724876,https://rocketleague.tracker.network/rocket-league/profile/steam/76561198167790324/overview,King Koba,N,,,Y,ewoo,steam,76561199210724876,ewoo,steam,76561198167790324
tav,C,https://ballchasing.com/?player-name=tavlorj,https://rocketleague.tracker.network/rocket-league/profile/epic/tavlorj/overview,Megaminds,N,,,Y,tav,epic,33a1614c0e72496480d7742459e1a28d,,,
totra,B,https://ballchasing.com/player/steam/76561198075614723,https://rocketleague.tracker.network/rocket-league/profile/epic/nmtotra/overview,Bezos Bros,N,,,Y,totra,steam,76561198075614723,NMTotra,epic,5ac465fd20dc40ca991172c46cea8031
Firef6ht,B,https://ballchasing.com/player/epic/ebbb47803eee46db851a8e71e2f2de3c#overview,https://rocketleague.tracker.network/rocket-league/profile/epic/FIREF6HT/overview,Megaminds,N,,,Y,Firef6ht,epic,ebbb47803eee46db851a8e71e2f2de3c,,,
Hollow,C,https://ballchasing.com/player/steam/76561198268156585,https://rocketleague.tracker.network/rocket-league/profile/epic/joceeonpcc/overview,Vectors,N,,,Y,Hollow,steam,76561198268156585,Hollow,steam,76561198314871368
Shields,B,https://ballchasing.com/player/steam/76561199119501032,https://rocketleague.tracker.network/rocket-league/profile/epic/richmn1/overview,Tai Lung Leopards,N,,,Y,Shields,steam,76561199119501032,,,
IAmBrownBread,C,https://ballchasing.com/player/steam/76561198369617713,https://rocketleague.tracker.network/rocket-league/profile/epic/IAmBrownBread/overview,Megaminds,N,,,Y,IAmBrownBread,steam,76561198369617713,IAmBrownBread,epic,d66f8ac4634b48bca8359c7454685d89
ski11acam,B,https://ballchasing.com/player/steam/76561199160984733,https://rocketleague.tracker.network/rocket-league/profile/epic/ski11acam/overview,King Koba,Y,2024-11-11,Big Pharma,Y,ski11acam,steam,76561199160984733,ski11acam,epic,3b4c0dff54c943319cccb0c21fc5d9dd
chewy_chungus69,C,https://ballchasing.com/player/steam/76561199423539900,https://rocketleague.tracker.network/rocket-league/profile/epic/chewy_chungus69/overview,Tai Lung Leopards,N,,,Y,chewy_chungus69,steam,76561199423539900,Chewy_Chungus2.0,epic,0fbbcb5127c940f3a7cf5a337cb8ae74
Whity,B,Idk how to do that shit I dont even have steam,https://rocketleague.tracker.network/rocket-league/profile/epic/Whityyyyy/overview,Vectors,N,,,Y,Whity,psynet,cd70a09096d8e210,,,
Skinns,C,https://ballchasing.com/?player-name=mrskinns,https://rocketleague.tracker.network/rocket-league/profile/epic/MrSkinns/overview,Ginyu Force,N,,,Y,Skinns,epic,3b79efe252b94c25be4c1c9293f7f285,,,
Sol,C,https://ballchasing.com/player/steam/76561198023322523,https://rocketleague.tracker.network/rocket-league/profile/steam/76561198023322523/overview,Bezos Bros,N,,,Y,Sol,steam,76561198023322523,,,
Foodbandlts,B,https://ballchasing.com/player/steam/76561198058239033,https://rocketleague.tracker.network/rocket-league/profile/steam/foodbandlts/overview,Big Pharma,N,,,Y,Foodbandlts,steam,76561198058239033,,,
qFoal,B,https://ballchasing.com/?uploader=76561199064776075,https://rocketleague.tracker.network/rocket-league/profile/epic/qFoal/overview,Vectors,N,,,Y,qFoal,steam,76561199064776075,qFoal,epic,77580cafd94f45f5860c152fdb3f132f
Beansz2k,C,https://ballchasing.com/player/steam/76561198225916892,https://rocketleague.tracker.network/rocket-league/profile/epic/6eanszs/overview,Big Pharma,N,,,Y,Beansz2k,steam,76561198225916892,6eanszs,epic,7fa3b5b7cbfe4050b784ffea0aa111ba
Loupy,C,https://ballchasing.com/player/epic/541f6636eb724709a28ee9330c433290,https://rocketleague.tracker.network/rocket-league/profile/epic/Loupy-96/overview,Ginyu Force,N,,,Y,Loupy,epic,541f6636eb724709a28ee9330c433290,,,
Kliqz_,C,https://ballchasing.com/player/steam/76561198274363441,https://rocketleague.tracker.network/rocket-league/profile/epic/Kliqz_/overview,King Koba,N,,,Y,Kliqz_,steam,76561198274363441,,,
Alpha_762,C,https://ballchasing.com/player/steam/76561198419582889,https://rocketleague.tracker.network/rocket-league/profile/steam/76561198419582889/overview,Vectors,N,,,Y,Alpha_762,steam,76561198419582889,,,
FriendlyFennec,C,https://ballchasing.com/player/steam/76561198060066952,https://rocketleague.tracker.network/rocket-league/profile/steam/76561198060066952/overview,Big Pharma,N,,,Y,FriendlyFennec,steam,76561198060066952,,,
Dead_Bunny_120,C,https://ballchasing.com/player/epic/788ed7c0caae406c9d745f77067433f9,https://rocketleague.tracker.network/rocket-league/profile/epic/dead_bunny_120/mmr?playlist=10,Alternate,N,,,Y,Dead_Bunny_120,epic,788ed7c0caae406c9d745f77067433f9,,,
Powerwolf147,C,https://ballchasing.com/player/epic/565071bea364495f8fe0d099bcc0bfc6,https://rocketleague.tracker.network/rocket-league/profile/epic/Powerwolf147/overview,Big Pharma,N,,,Y,Powerwolf147,epic,565071bea364495f8fe0d099bcc0bfc6,,,
TheRealDunion,C,https://ballchasing.com/player/steam/76561198044125394,https://rocketleague.tracker.network/rocket-league/profile/epic/TheRealDunion/overview,Bezos Bros,N,,,Y,TheRealDunion,steam,76561198044125394,TheRealDunion,epic,5995ffd158294826824891a9f1464ec6
Speer,C,https://ballchasing.com/?player-name=SpeerSavage,https://rocketleague.tracker.network/rocket-league/profile/epic/SpeerSavage/overview,King Koba,N,,,Y,Speer,epic,673c8b3a33f74e259c44b115811197d6,,,
Infantryboyz09,C,https://ballchasing.com/player/steam/76561198985957273,https://rocketleague.tracker.network/rocket-league/profile/steam/76561198985957273/overview,Tai Lung Leopards,N,,,Y,Infantryboyz09,steam,76561198985957273,,,
Captain Wolfer,C,https://ballchasing.com/player/steam/76561198135491548,https://rocketleague.tracker.network/rocket-league/profile/epic/Captain%20Wolfer/overview,Ginyu Force,N,,,Y,Captain Wolfer,steam,76561198135491548,Captain Wolfer,epic,d6409a6dd5c24f33afc33fe0c281682a
RequitedZeus,C,https://ballchasing.com/player/steam/76561199777005471,https://rocketleague.tracker.network/rocket-league/profile/xbl/RequitedZeus417/overview,Big Pharma,N,,,Y,RequitedZeus,steam,76561199777005471,Requited Zeus,epic,bafffec8fe3a419db4749ed9c9f0af70
Average Mikey,C,https://ballchasing.com/player/steam/76561198028536054,https://rocketleague.tracker.network/rocket-league/profile/epic/Little_Mikey/overview,Galactic Empire,N,,,Y,Average Mikey,steam,76561198028536054,,,
tnap16_,C,https://ballchasing.com/player/epic/e463414932e249e6bc67e75598dd6c97,https://rocketleague.tracker.network/rocket-league/profile/epic/tnap16_/overview,Galactic Empire,N,,,Y,tnap16_,epic,e463414932e249e6bc67e75598dd6c97,,,
Ted Grundie,C,https://ballchasing.com/player/steam/76561198357694802,https://rocketleague.tracker.network/rocket-league/profile/epic/Ted_Grundie/overview,Megaminds,N,,,Y,Ted Grundie,steam,76561198357694802,Ted_Grundie,epic,6d6d613d31d44b8b8c1e1f445b1421e0
Genghis_Jon,C,https://ballchasing.com/player/steam/76561197976461110,https://rocketleague.tracker.network/rocket-league/profile/epic/genghis_jon1/overview,Tai Lung Leopards,N,,,Y,Genghis_Jon,steam,76561197976461110,Ghengis_Jon1,epic,aff4063c8d584ae89ad0715af28ed9bc
FishTaco,C,https://ballchasing.com/player/steam/76561197960956993,https://rocketleague.tracker.network/rocket-league/profile/steam/76561197960956993/overview,King Koba,N,,,Y,FishTaco,steam,76561197960956993,,,
Kyyrbes,C,https://ballchasing.com/player/steam/76561198032866852,https://rocketleague.tracker.network/rocket-league/profile/epic/Kyyrbes/overview,Tai Lung Leopards,N,,,Y,Kyyrbes,steam,76561198032866852,,,
OGYeet,C,https://ballchasing.com/player/epic/f305f16ce9654a57ab821728dfaaf4af,https://rocketleague.tracker.network/rocket-league/profile/epic/OGYeet_/overview,Vectors,N,,,Y,OGYeet,epic,f305f16ce9654a57ab821728dfaaf4af,,,
Hedmarkers,C,https://ballchasing.com/player/steam/76561198992613779,https://rocketleague.tracker.network/rocket-league/profile/epic/Hedmarkers/overview,Galactic Empire,N,,,Y,Hedmarkers,steam,76561198992613779,Hedmarkers,epic,c96392b76e0343c68349d9b2cba52b73
Millz,C,https://ballchasing.com/?player-name=xTT_Millzx,https://rocketleague.tracker.network/rocket-league/profile/epic/xTT_Millzx/overview,Ginyu Force,N,,,Y,Millz,epic,a7a2e2884e774c5893be40a6cb0d10e2,Best_Friend_Kyle,epic,f4f654a5b75848be98c11815f49aa0f3
davids2844,C,https://ballchasing.com/player/steam/76561198035902902,https://rocketleague.tracker.network/rocket-league/profile/steam/76561198035902902/overview,Galactic Empire,N,,,Y,davids2844,steam,76561198035902902,,,
Robmavo,C,https://ballchasing.com/player/steam/76561198070468147,https://rocketleague.tracker.network/rocket-league/profile/epic/Robmavo/overview,King Koba,N,,,Y,Robmavo,steam,76561198070468147,Robmavo,epic,30634dfdbff4450b95215d9b309ec37c
Comfy,C,https://ballchasing.com/?player-name=Cuhmfortable,https://rocketleague.tracker.network/rocket-league/profile/epic/Cuhmfortable/overview,Alternate,N,,,Y,Comfy,epic,b7c070c13033427faa1ccbda6637706d,,,
Preet,C,https://ballchasing.com/player/steam/76561199061338732,https://rocketleague.tracker.network/rocket-league/profile/steam/76561199061338732/overview,Bezos Bros,N,,,Y,Preet,steam,76561199061338732,,,
TweakingOut,C,https://ballchasing.com/player/steam/76561198325326986,https://rocketleague.tracker.network/rocket-league/profile/steam/76561198325326986/overview,Vectors,N,,,Y,TweakingOut,steam,76561198325326986,,,
Sundance,C,https://ballchasing.com/player/steam/76561198412635657,https://rocketleague.tracker.network/rocket-league/profile/epic/SundanceFTO/overview,Alternate,N,,,Y,Sundance,steam,76561198412635657,,,
Felixxxxm,C,https://ballchasing.com/player/steam/76561198292906753,https://rocketleague.tracker.network/rocket-league/profile/epic/Felixxxxm/overview,Bezos Bros,N,,,Y,Felixxxxm,steam,76561198292906753,Felixxxxm,epic,8f9bad4ed6ab4930a24279601a843341
HeroBear,C,https://ballchasing.com/?player-name=herobear_gaymer,https://rocketleague.tracker.network/rocket-league/profile/epic/herobear_gaymer/overview,Alternate,N,,,Y,HeroBear,epic,ef77267dc1634ecd98229d56406360b9,,,
jim tinananim,C,https://ballchasing.com/player/steam/76561198330721147,https://rocketleague.tracker.network/rocket-league/profile/steam/76561198330721147/overview,Megaminds,N,,,Y,jim tinananim,steam,76561198330721147,,,
Ryan,B,https://ballchasing.com/player/steam/76561198087569630,https://rocketleague.tracker.network/rocket-league/profile/epic/Sausagewa1let/overview,King Koba,N,,,Y,Ryan ,steam,76561198087569630,,,